class,filename,photographer,photographer_url,source_query,unsplash_photo_id
boho_chic,boho_chic_aC5_EFhq7Fs.jpg,Jonathan Borba,https://unsplash.com/@jonathanborba,boho wedding,aC5_EFhq7Fs
boho_chic,boho_chic_6NUUZZ16hJk.jpg,Hannah Busing,https://unsplash.com/@hannahbusing,boho wedding,6NUUZZ16hJk
boho_chic,boho_chic_K2Lcegcoj3o.jpg,Melody Zimmerman,https://unsplash.com/@prairiepilgrim,boho wedding,K2Lcegcoj3o
boho_chic,boho_chic_LeaEBheonI4.jpg,Jessica Rockowitz,https://unsplash.com/@jessicarockowitz,boho wedding,LeaEBheonI4
boho_chic,boho_chic_i2gom1zDv5Y.jpg,Jonathan Borba,https://unsplash.com/@jonathanborba,boho wedding,i2gom1zDv5Y
boho_chic,boho_chic_h6rEaQXt-bY.jpg,adrianna geo,https://unsplash.com/@adrigeo_,boho wedding,h6rEaQXt-bY
boho_chic,boho_chic_chhdIbuvgsg.jpg,Micah & Sammie Chaffin,https://unsplash.com/@micahandsammiechaffin,boho wedding,chhdIbuvgsg
boho_chic,boho_chic_XQ3TZffIADg.jpg,lucas mendes,https://unsplash.com/@lucasmendesph,boho wedding,XQ3TZffIADg
boho_chic,boho_chic_kO5mLf6cEJY.jpg,Wedding Dreamz,https://unsplash.com/@wedding_dreamz,boho wedding,kO5mLf6cEJY
boho_chic,boho_chic_JmaTscxw08Y.jpg,Elias Rodriguez,https://unsplash.com/@er91_,boho wedding,JmaTscxw08Y
boho_chic,boho_chic_3ohtX7GyqZI.jpg,Wedding Dreamz,https://unsplash.com/@wedding_dreamz,boho wedding,3ohtX7GyqZI
boho_chic,boho_chic_-i61YRyPUJw.jpg,Getúlio Moraes,https://unsplash.com/@getuliodt,boho wedding,-i61YRyPUJw
boho_chic,boho_chic_LHwE1zEADlc.jpg,Lauren Mitchell,https://unsplash.com/@laurenjean,boho wedding,LHwE1zEADlc
boho_chic,boho_chic_P3Eu4GrJRP0.jpg,Lauren Mitchell,https://unsplash.com/@laurenjean,boho wedding,P3Eu4GrJRP0
boho_chic,boho_chic_DBfh2LevD0U.jpg,Lauren Mitchell,https://unsplash.com/@laurenjean,boho wedding,DBfh2LevD0U
boho_chic,boho_chic_hEbat4QeNww.jpg,Lauren Mitchell,https://unsplash.com/@laurenjean,boho wedding,hEbat4QeNww
boho_chic,boho_chic_M5cs3Tp-u5M.jpg,Lauren Mitchell,https://unsplash.com/@laurenjean,boho wedding,M5cs3Tp-u5M
boho_chic,boho_chic_tOvd20WxuJM.jpg,Jenna Duxbury,https://unsplash.com/@jennaduxburystills,boho wedding,tOvd20WxuJM
boho_chic,boho_chic_mq3f2rat0A8.jpg,Letícia Fracalossi,https://unsplash.com/@leticiafracalossi,boho wedding,mq3f2rat0A8
boho_chic,boho_chic_sayzX-32ZPg.jpg,Luka Reedy,https://unsplash.com/@lukareedy,boho wedding,sayzX-32ZPg
boho_chic,boho_chic_-qfGL6wgelQ.jpg,Daria Magazzu,https://unsplash.com/@daria_m_photography,boho wedding,-qfGL6wgelQ
boho_chic,boho_chic_UwX5x3CXf4s.jpg,Luka Reedy,https://unsplash.com/@lukareedy,boho wedding,UwX5x3CXf4s
boho_chic,boho_chic_YwE6gDmliHM.jpg,David Goldman,https://unsplash.com/@davidjessephoto,boho wedding,YwE6gDmliHM
boho_chic,boho_chic_e7EJG019-rQ.jpg,Wedding Dreamz,https://unsplash.com/@wedding_dreamz,boho wedding,e7EJG019-rQ
boho_chic,boho_chic_9lf4pXM2rww.jpg,Wedding Dreamz,https://unsplash.com/@wedding_dreamz,boho wedding,9lf4pXM2rww
boho_chic,boho_chic_emv6iAvIYe0.jpg,Kadarius Seegars,https://unsplash.com/@kseegars,boho wedding,emv6iAvIYe0
boho_chic,boho_chic_DBSDQsrFCuI.jpg,Wedding Dreamz,https://unsplash.com/@wedding_dreamz,boho wedding,DBSDQsrFCuI
boho_chic,boho_chic_iXSJebmZHmA.jpg,Lauren Mitchell,https://unsplash.com/@laurenjean,boho wedding,iXSJebmZHmA
boho_chic,boho_chic_49aSF1r7nno.jpg,Kadarius Seegars,https://unsplash.com/@kseegars,boho wedding,49aSF1r7nno
boho_chic,boho_chic_pqkn1uIS6jY.jpg,Wedding Dreamz,https://unsplash.com/@wedding_dreamz,boho wedding,pqkn1uIS6jY
boho_chic,boho_chic_-rbg63C3at8.jpg,Dmitry Mashkin,https://unsplash.com/@artcoastdesign,bohemian wedding decor,-rbg63C3at8
boho_chic,boho_chic_2JDpcDeURr8.jpg,Jonathan Borba,https://unsplash.com/@jonathanborba,bohemian wedding decor,2JDpcDeURr8
boho_chic,boho_chic_ReniP9RoXmg.jpg,Jonathan Borba,https://unsplash.com/@jonathanborba,bohemian wedding decor,ReniP9RoXmg
boho_chic,boho_chic_XRFMiFVhZ74.jpg,Jonathan Borba,https://unsplash.com/@jonathanborba,bohemian wedding decor,XRFMiFVhZ74
boho_chic,boho_chic_zaeyf-6l83s.jpg,Houston Hanna,https://unsplash.com/@houstonhannaphotography,bohemian wedding decor,zaeyf-6l83s
boho_chic,boho_chic_o8u9ptE3eYc.jpg,Yudha Aprilian,https://unsplash.com/@yudhaprilian,bohemian wedding decor,o8u9ptE3eYc
boho_chic,boho_chic_FNfbzOQGlBM.jpg,Bruno Ngarukiye,https://unsplash.com/@itsbrunoagain,bohemian wedding decor,FNfbzOQGlBM
boho_chic,boho_chic_XP5DAHeMa_0.jpg,Jana Belonina,https://unsplash.com/@jana_tietz,bohemian wedding decor,XP5DAHeMa_0
boho_chic,boho_chic_veLSh0XWokw.jpg,Adi Nasta,https://unsplash.com/@adinasta,bohemian wedding decor,veLSh0XWokw
boho_chic,boho_chic_pLOm4VrrX4Q.jpg,Chris Haws,https://unsplash.com/@therook,bohemian wedding decor,pLOm4VrrX4Q
boho_chic,boho_chic_OwtnIg9Cz28.jpg,Derek Lee,https://unsplash.com/@derekleej,bohemian wedding decor,OwtnIg9Cz28
boho_chic,boho_chic_DUTy_Q5yZXA.jpg,Hannah Golden,https://unsplash.com/@hannahgoldenphotography,bohemian wedding decor,DUTy_Q5yZXA
boho_chic,boho_chic_eLr_UzUgSvE.jpg,Vidit Goswami,https://unsplash.com/@viditgoswami,bohemian wedding decor,eLr_UzUgSvE
boho_chic,boho_chic_ZpNBwBR38fA.jpg,Brunxs,https://unsplash.com/@brunxs,bohemian wedding decor,ZpNBwBR38fA
boho_chic,boho_chic_ceziJT_aWmk.jpg,Jason Leung,https://unsplash.com/@ninjason,bohemian wedding decor,ceziJT_aWmk
boho_chic,boho_chic_qIOgxmacPRM.jpg,vherliann,https://unsplash.com/@vherlian,bohemian wedding decor,qIOgxmacPRM
boho_chic,boho_chic_tU6et4TlM_I.jpg,vherliann,https://unsplash.com/@vherlian,bohemian wedding decor,tU6et4TlM_I
boho_chic,boho_chic_4kWm3f8iMQM.jpg,Redd Francisco,https://unsplash.com/@reddfrancisco,bohemian wedding decor,4kWm3f8iMQM
boho_chic,boho_chic_Q0UKSokEh9E.jpg,Kelsey Booth,https://unsplash.com/@boothk89,bohemian wedding decor,Q0UKSokEh9E
boho_chic,boho_chic_MgTjufjtWaI.jpg,Squids Z,https://unsplash.com/@squids93,bohemian wedding decor,MgTjufjtWaI
boho_chic,boho_chic_j6vp8NJPHOI.jpg,Brianna Parks,https://unsplash.com/@briannaparksphotography,bohemian wedding decor,j6vp8NJPHOI
boho_chic,boho_chic_VsxADxBkmsY.jpg,vherliann,https://unsplash.com/@vherlian,bohemian wedding decor,VsxADxBkmsY
boho_chic,boho_chic_MO05fXiDobo.jpg,Annie Gray,https://unsplash.com/@anniegray,bohemian wedding decor,MO05fXiDobo
boho_chic,boho_chic_gqMgbSl_zoI.jpg,Volodymyr Leush,https://unsplash.com/@volodymyr_leush,bohemian wedding decor,gqMgbSl_zoI
boho_chic,boho_chic_wWNJmynotRQ.jpg,Kin Li,https://unsplash.com/@kinli,bohemian wedding decor,wWNJmynotRQ
boho_chic,boho_chic_c9q0B-AqBLY.jpg,Anita Austvika,https://unsplash.com/@anitaaustvika,bohemian wedding decor,c9q0B-AqBLY
boho_chic,boho_chic_QajiwTu03mg.jpg,Pew Nguyen,https://unsplash.com/@nguyentrungnguyen,bohemian wedding decor,QajiwTu03mg
boho_chic,boho_chic_0S948h1Eotw.jpg,Jonathan Borba,https://unsplash.com/@jonathanborba,bohemian wedding decor,0S948h1Eotw
boho_chic,boho_chic_5zpH2y7v4aA.jpg,Liligance,https://unsplash.com/@liligancephotography,macrame wedding backdrop,5zpH2y7v4aA
boho_chic,boho_chic_h2TSX13RjL8.jpg,Sitraka Mamy Tantely Andriamialijaona,https://unsplash.com/@sitrakamamytantely12,macrame wedding backdrop,h2TSX13RjL8
boho_chic,boho_chic_In6zUdFnYT8.jpg,Luz Mendoza,https://unsplash.com/@luxiernaga,macrame wedding backdrop,In6zUdFnYT8
boho_chic,boho_chic_cRVqhvmIC1U.jpg,Felicia Montenegro,https://unsplash.com/@feliciamontenegro,macrame wedding backdrop,cRVqhvmIC1U
boho_chic,boho_chic_svEIgR208sE.jpg,Elena Putina,https://unsplash.com/@eputina,macrame wedding backdrop,svEIgR208sE
boho_chic,boho_chic_WogDgYYTIbI.jpg,Elena Putina,https://unsplash.com/@eputina,macrame wedding backdrop,WogDgYYTIbI
boho_chic,boho_chic_9WOF9_W7YTY.jpg,Elena Putina,https://unsplash.com/@eputina,macrame wedding backdrop,9WOF9_W7YTY
boho_chic,boho_chic_ely2jxHK6Og.jpg,Elena Putina,https://unsplash.com/@eputina,macrame wedding backdrop,ely2jxHK6Og
boho_chic,boho_chic_Ghtlefm4tGk.jpg,Elena Putina,https://unsplash.com/@eputina,macrame wedding backdrop,Ghtlefm4tGk
boho_chic,boho_chic_HOyTMmO4RnA.jpg,Elena Putina,https://unsplash.com/@eputina,macrame wedding backdrop,HOyTMmO4RnA
boho_chic,boho_chic_dQgcdBe_3-A.jpg,Sarah Vombrack,https://unsplash.com/@downtoearthnurse,macrame wedding backdrop,dQgcdBe_3-A
boho_chic,boho_chic_nbW8TE-Id9c.jpg,Liligance,https://unsplash.com/@liligancephotography,macrame wedding backdrop,nbW8TE-Id9c
boho_chic,boho_chic_6tTTs0Jbn1M.jpg,Elena Putina,https://unsplash.com/@eputina,macrame wedding backdrop,6tTTs0Jbn1M
boho_chic,boho_chic_UV5FUVXbWUc.jpg,Elena Putina,https://unsplash.com/@eputina,macrame wedding backdrop,UV5FUVXbWUc
boho_chic,boho_chic_cF3Z8DkQ5Yo.jpg,Elena Putina,https://unsplash.com/@eputina,macrame wedding backdrop,cF3Z8DkQ5Yo
boho_chic,boho_chic_hJXjJj5ACxc.jpg,Felicia Montenegro,https://unsplash.com/@feliciamontenegro,macrame wedding backdrop,hJXjJj5ACxc
boho_chic,boho_chic_zCEYPS5SaMc.jpg,Othman Alghanmi,https://unsplash.com/@theemanofoth,macrame wedding backdrop,zCEYPS5SaMc
boho_chic,boho_chic_2JOxWQoxGtU.jpg,Elena Putina,https://unsplash.com/@eputina,macrame wedding backdrop,2JOxWQoxGtU
boho_chic,boho_chic_SU8TcyguQdo.jpg,rocknwool,https://unsplash.com/@rocknwool,macrame wedding backdrop,SU8TcyguQdo
boho_chic,boho_chic_ntWEc49BeJI.jpg,Elena Putina,https://unsplash.com/@eputina,macrame wedding backdrop,ntWEc49BeJI
boho_chic,boho_chic_5jz8j75zS6U.jpg,Elena Putina,https://unsplash.com/@eputina,macrame wedding backdrop,5jz8j75zS6U
boho_chic,boho_chic_pkU8vV8nbM0.jpg,Kate McLean,https://unsplash.com/@justkate__,macrame wedding backdrop,pkU8vV8nbM0
boho_chic,boho_chic_UJiWZYZBAKo.jpg,Elena Putina,https://unsplash.com/@eputina,macrame wedding backdrop,UJiWZYZBAKo
boho_chic,boho_chic_yBcJvq9EnCw.jpg,Felicia Montenegro,https://unsplash.com/@feliciamontenegro,macrame wedding backdrop,yBcJvq9EnCw
boho_chic,boho_chic_kboWW9Bsgqc.jpg,Glenn Guiao,https://unsplash.com/@pinkpenguinstudios,pampas grass wedding,kboWW9Bsgqc
boho_chic,boho_chic_AiHT_bI_tAY.jpg,Annie Spratt,https://unsplash.com/@anniespratt,pampas grass wedding,AiHT_bI_tAY
boho_chic,boho_chic_hN_kGla8yQU.jpg,Phakphoom Srinorajan,https://unsplash.com/@bukphak,pampas grass wedding,hN_kGla8yQU
boho_chic,boho_chic_8uUihughGxo.jpg,Kevin Schmid,https://unsplash.com/@lighttouchedphotography,pampas grass wedding,8uUihughGxo
boho_chic,boho_chic_MPRUwyAzVHY.jpg,Szobota Zsuzsi,https://unsplash.com/@zsszobota,pampas grass wedding,MPRUwyAzVHY
boho_chic,boho_chic_D5OKi0M_djQ.jpg,Elena Joland,https://unsplash.com/@labf,pampas grass wedding,D5OKi0M_djQ
boho_chic,boho_chic_cnt-KBrdEvw.jpg,Jonathan Borba,https://unsplash.com/@jonathanborba,pampas grass wedding,cnt-KBrdEvw
boho_chic,boho_chic_pMmZkfToM4M.jpg,Jonathan Borba,https://unsplash.com/@jonathanborba,pampas grass wedding,pMmZkfToM4M
boho_chic,boho_chic_qvJR_ltGyhk.jpg,Wedding Dreamz,https://unsplash.com/@wedding_dreamz,pampas grass wedding,qvJR_ltGyhk
boho_chic,boho_chic_qFvSDeNP4LQ.jpg,Hannah Golden,https://unsplash.com/@hannahgoldenphotography,pampas grass wedding,qFvSDeNP4LQ
boho_chic,boho_chic_HoDZTeuCzFI.jpg,Declan Sun,https://unsplash.com/@declansun,pampas grass wedding,HoDZTeuCzFI
boho_chic,boho_chic_nGR7SWmIYbs.jpg,Annie Spratt,https://unsplash.com/@anniespratt,pampas grass wedding,nGR7SWmIYbs
boho_chic,boho_chic_3esyYBLG_3o.jpg,Jonathan Borba,https://unsplash.com/@jonathanborba,pampas grass wedding,3esyYBLG_3o
boho_chic,boho_chic_UUc-BR1GxlI.jpg,Annie Spratt,https://unsplash.com/@anniespratt,pampas grass wedding,UUc-BR1GxlI
boho_chic,boho_chic_Es7_zV1rD54.jpg,Jonathan Borba,https://unsplash.com/@jonathanborba,pampas grass wedding,Es7_zV1rD54
boho_chic,boho_chic_vqr9Lioj7XU.jpg,Luis Aleman,https://unsplash.com/@luisalemanmx,pampas grass wedding,vqr9Lioj7XU
boho_chic,boho_chic_mMkEU-fkxUI.jpg,Amistad Cristiana,https://unsplash.com/@amistadmzo,pampas grass wedding,mMkEU-fkxUI
boho_chic,boho_chic_tlQQd7n8RKE.jpg,Muhammad Ruqi Yaddin,https://unsplash.com/@mruqi,pampas grass wedding,tlQQd7n8RKE
boho_chic,boho_chic_vCy4ywJ1ldQ.jpg,henor teneqja,https://unsplash.com/@henortqa,pampas grass wedding,vCy4ywJ1ldQ
boho_chic,boho_chic_Fc3x8MbuNZ8.jpg,Asso Myron,https://unsplash.com/@assomyron,pampas grass wedding,Fc3x8MbuNZ8
boho_chic,boho_chic_FOyZ8zo7HKY.jpg,Virginia Marinova,https://unsplash.com/@virginiaphotostories,pampas grass wedding,FOyZ8zo7HKY
boho_chic,boho_chic_s5IqNhQKxMY.jpg,Dayne Topkin,https://unsplash.com/@dtopkin1,pampas grass wedding,s5IqNhQKxMY
rustic_barn,rustic_barn_-PR_BybYYqo.jpg,Conner Baker,https://unsplash.com/@connerbaker,rustic barn wedding,-PR_BybYYqo
rustic_barn,rustic_barn_t5PlRnsXy1I.jpg,Eric Brehm,https://unsplash.com/@creepyhands,rustic barn wedding,t5PlRnsXy1I
rustic_barn,rustic_barn_GcW93Uuljgo.jpg,Shelly Pence,https://unsplash.com/@shellbell130,rustic barn wedding,GcW93Uuljgo
rustic_barn,rustic_barn_QN3IDiY0nKY.jpg,Steven Van Elk,https://unsplash.com/@stevenvanelk,rustic barn wedding,QN3IDiY0nKY
rustic_barn,rustic_barn_O4ahjU_jCkU.jpg,Scott Webb,https://unsplash.com/@scottwebb,rustic barn wedding,O4ahjU_jCkU
rustic_barn,rustic_barn_JUCU3SaXIzk.jpg,Steven Van Elk,https://unsplash.com/@stevenvanelk,rustic barn wedding,JUCU3SaXIzk
rustic_barn,rustic_barn_2Q5p2vrG0BA.jpg,Troy Olson,https://unsplash.com/@city2forest,rustic barn wedding,2Q5p2vrG0BA
rustic_barn,rustic_barn_ily3pXSG4JA.jpg,Troy Olson,https://unsplash.com/@city2forest,rustic barn wedding,ily3pXSG4JA
rustic_barn,rustic_barn_Yx6cUabKM3M.jpg,Troy Olson,https://unsplash.com/@city2forest,rustic barn wedding,Yx6cUabKM3M
rustic_barn,rustic_barn_zNsSwsuyP3A.jpg,Abby Savage,https://unsplash.com/@abbysavagecreative,rustic barn wedding,zNsSwsuyP3A
rustic_barn,rustic_barn_jPraDj9ZEMI.jpg,K F,https://unsplash.com/@ford_563,rustic barn wedding,jPraDj9ZEMI
rustic_barn,rustic_barn_5MGuRu5SNFY.jpg,Steven Van Elk,https://unsplash.com/@stevenvanelk,rustic barn wedding,5MGuRu5SNFY
rustic_barn,rustic_barn_qV_dDIqg6VQ.jpg,Steven Van Elk,https://unsplash.com/@stevenvanelk,rustic barn wedding,qV_dDIqg6VQ
rustic_barn,rustic_barn_fEv_mVxxEdM.jpg,Steven Van Elk,https://unsplash.com/@stevenvanelk,rustic barn wedding,fEv_mVxxEdM
rustic_barn,rustic_barn_s1w_WRsExnE.jpg,Steven Van Elk,https://unsplash.com/@stevenvanelk,rustic barn wedding,s1w_WRsExnE
rustic_barn,rustic_barn_xbEtG8sa1Xg.jpg,Leslie Cross,https://unsplash.com/@leslie_outofdoors,rustic barn wedding,xbEtG8sa1Xg
rustic_barn,rustic_barn_asPQegppmZM.jpg,Troy Olson,https://unsplash.com/@city2forest,rustic barn wedding,asPQegppmZM
rustic_barn,rustic_barn_ga7DG9lYbZg.jpg,Wedding Dreamz,https://unsplash.com/@wedding_dreamz,rustic barn wedding,ga7DG9lYbZg
rustic_barn,rustic_barn_aBEgMppKK0I.jpg,Troy Olson,https://unsplash.com/@city2forest,rustic barn wedding,aBEgMppKK0I
rustic_barn,rustic_barn_ohEq2BC8THM.jpg,Jennifer Kalenberg,https://unsplash.com/@jkalen71,rustic barn wedding,ohEq2BC8THM
rustic_barn,rustic_barn_hnYv7mv8DEQ.jpg,Troy Olson,https://unsplash.com/@city2forest,rustic barn wedding,hnYv7mv8DEQ
rustic_barn,rustic_barn_lTLKvhof7o4.jpg,Troy Olson,https://unsplash.com/@city2forest,rustic barn wedding,lTLKvhof7o4
rustic_barn,rustic_barn__fSZur8slvs.jpg,Gary Davies,https://unsplash.com/@fizzandgroove,rustic barn wedding,_fSZur8slvs
rustic_barn,rustic_barn_rK6YY_4zhEY.jpg,Troy Olson,https://unsplash.com/@city2forest,rustic barn wedding,rK6YY_4zhEY
rustic_barn,rustic_barn_io3xcNfhAmE.jpg,Troy Olson,https://unsplash.com/@city2forest,rustic barn wedding,io3xcNfhAmE
rustic_barn,rustic_barn_hXprYkqi9bs.jpg,Troy Olson,https://unsplash.com/@city2forest,rustic barn wedding,hXprYkqi9bs
rustic_barn,rustic_barn_WlJbMGYfbMI.jpg,Troy Olson,https://unsplash.com/@city2forest,rustic barn wedding,WlJbMGYfbMI
rustic_barn,rustic_barn_DfUww4Uz9mM.jpg,Troy Olson,https://unsplash.com/@city2forest,rustic barn wedding,DfUww4Uz9mM
rustic_barn,rustic_barn_eGGwx4Npbbo.jpg,Steven Van Elk,https://unsplash.com/@stevenvanelk,rustic barn wedding,eGGwx4Npbbo
rustic_barn,rustic_barn_skonzEYvS8k.jpg,Jen Theodore,https://unsplash.com/@jentheodore,rustic barn wedding,skonzEYvS8k
rustic_barn,rustic_barn_CEKa-wh1Fsw.jpg,Fallon Michael,https://unsplash.com/@fallonmichaeltx,countryside wedding decor,CEKa-wh1Fsw
rustic_barn,rustic_barn_rvDeM7BqOAc.jpg,Troy Olson,https://unsplash.com/@city2forest,countryside wedding decor,rvDeM7BqOAc
rustic_barn,rustic_barn_oHz20jAKdkM.jpg,Troy Olson,https://unsplash.com/@city2forest,countryside wedding decor,oHz20jAKdkM
rustic_barn,rustic_barn_GHseGk0NC2I.jpg,Tobias Doering,https://unsplash.com/@doeringphotograpy,countryside wedding decor,GHseGk0NC2I
rustic_barn,rustic_barn_dGkeEqAwuLc.jpg,Troy Olson,https://unsplash.com/@city2forest,countryside wedding decor,dGkeEqAwuLc
rustic_barn,rustic_barn_54GeflCREBs.jpg,Troy Olson,https://unsplash.com/@city2forest,countryside wedding decor,54GeflCREBs
rustic_barn,rustic_barn_z2jcYb7F8pw.jpg,Joshua Manjgo,https://unsplash.com/@j_manjgo,countryside wedding decor,z2jcYb7F8pw
rustic_barn,rustic_barn_frf2QPAHJBU.jpg,Zolly Unsell,https://unsplash.com/@zollyphotograph,countryside wedding decor,frf2QPAHJBU
rustic_barn,rustic_barn_pMmZkfToM4M.jpg,Jonathan Borba,https://unsplash.com/@jonathanborba,countryside wedding decor,pMmZkfToM4M
rustic_barn,rustic_barn_anGdj_3hQKA.jpg,Brett Wharton,https://unsplash.com/@brettwharton,countryside wedding decor,anGdj_3hQKA
rustic_barn,rustic_barn_4WWWfSyESVw.jpg,Martin Baron,https://unsplash.com/@elmartinbaron,countryside wedding decor,4WWWfSyESVw
rustic_barn,rustic_barn_in9rslL4Z7I.jpg,Tanya Barrow,https://unsplash.com/@tanyabarrow,countryside wedding decor,in9rslL4Z7I
rustic_barn,rustic_barn_FvZnTVoBfsM.jpg,Umut Tülüoğlu,https://unsplash.com/@umut_tulu,countryside wedding decor,FvZnTVoBfsM
rustic_barn,rustic_barn_aOQ5kTt3-24.jpg,LEDC,https://unsplash.com/@ledc,countryside wedding decor,aOQ5kTt3-24
rustic_barn,rustic_barn_D8_HVrYy7oQ.jpg,Oksana Vivsyanyuk,https://unsplash.com/@purpleplumwine,countryside wedding decor,D8_HVrYy7oQ
rustic_barn,rustic_barn_jCwgxQ4HWLU.jpg,Jonathan Borba,https://unsplash.com/@jonathanborba,countryside wedding decor,jCwgxQ4HWLU
rustic_barn,rustic_barn_DmWBadihbe8.jpg,Tolga Ahmetler,https://unsplash.com/@t_ahmetler,countryside wedding decor,DmWBadihbe8
rustic_barn,rustic_barn_f8eZTONAvH0.jpg,Rita Seneca,https://unsplash.com/@rseneca,countryside wedding decor,f8eZTONAvH0
rustic_barn,rustic_barn_W8TJpJYi11E.jpg,Ahmet Yüksek ✪,https://unsplash.com/@ahmetyuksek,countryside wedding decor,W8TJpJYi11E
rustic_barn,rustic_barn_LSkmgzttx88.jpg,Evgeniy Bezkorovayniy,https://unsplash.com/@korovay,countryside wedding decor,LSkmgzttx88
rustic_barn,rustic_barn_6vL0FgVyDiY.jpg,Samantha Gades,https://unsplash.com/@srosinger3997,mason jar wedding,6vL0FgVyDiY
rustic_barn,rustic_barn_CgR5Ey7LNAE.jpg,Wedding Photography,https://unsplash.com/@wedding_photography,mason jar wedding,CgR5Ey7LNAE
rustic_barn,rustic_barn_wQDn2lgkDfw.jpg,Stephen Andrews,https://unsplash.com/@porkbellysteve,mason jar wedding,wQDn2lgkDfw
rustic_barn,rustic_barn_eWI1gFScloM.jpg,Colton Sturgeon,https://unsplash.com/@coltonsturgeon,mason jar wedding,eWI1gFScloM
rustic_barn,rustic_barn_RL-WNDdVcCs.jpg,Jonathan Daniels,https://unsplash.com/@dear_jondog,mason jar wedding,RL-WNDdVcCs
rustic_barn,rustic_barn_4V6G4Buh3Hw.jpg,Lucas George Wendt,https://unsplash.com/@lucasgwendt,mason jar wedding,4V6G4Buh3Hw
rustic_barn,rustic_barn_8NZFUvnLIec.jpg,Corina Rainer,https://unsplash.com/@corina_rainer_,mason jar wedding,8NZFUvnLIec
rustic_barn,rustic_barn_g3I1t5ybC_s.jpg,Kyle Jones,https://unsplash.com/@kylejones_tn,mason jar wedding,g3I1t5ybC_s
rustic_barn,rustic_barn_zAQ0v_ECv3w.jpg,Lucas George Wendt,https://unsplash.com/@lucasgwendt,mason jar wedding,zAQ0v_ECv3w
rustic_barn,rustic_barn_5NcEo_vvKiA.jpg,Tatiana Rodriguez,https://unsplash.com/@tata186,mason jar wedding,5NcEo_vvKiA
rustic_barn,rustic_barn_dtSmhMpO_CM.jpg,Corina Rainer,https://unsplash.com/@corina_rainer_,mason jar wedding,dtSmhMpO_CM
rustic_barn,rustic_barn_4y5aigD2Jbg.jpg,Jan Kopřiva,https://unsplash.com/@jxk,mason jar wedding,4y5aigD2Jbg
rustic_barn,rustic_barn_cct0BRl9Mdk.jpg,William Recinos,https://unsplash.com/@iwillbmm,mason jar wedding,cct0BRl9Mdk
rustic_barn,rustic_barn_mesCHJiNDYc.jpg,DEAD GOOD LEGACIES,https://unsplash.com/@deadgood,mason jar wedding,mesCHJiNDYc
rustic_barn,rustic_barn_lW25Zxpkln8.jpg,Clem Onojeghuo,https://unsplash.com/@clemono,mason jar wedding,lW25Zxpkln8
rustic_barn,rustic_barn_PGhZTKP9Vos.jpg,Eric Stoynov,https://unsplash.com/@ericstoynov,mason jar wedding,PGhZTKP9Vos
rustic_barn,rustic_barn_FRm0Dh6omhU.jpg,Sticker it,https://unsplash.com/@stickerit_co,mason jar wedding,FRm0Dh6omhU
rustic_barn,rustic_barn_SKdYtVZL1MY.jpg,Christopher Ryan,https://unsplash.com/@cryancom,mason jar wedding,SKdYtVZL1MY
rustic_barn,rustic_barn_4ZeABse2NSI.jpg,Stella de Smit,https://unsplash.com/@fotovanfoto,mason jar wedding,4ZeABse2NSI
rustic_barn,rustic_barn_e0-MjQe6fnA.jpg,Morrow Solutions,https://unsplash.com/@morrowsolutions,mason jar wedding,e0-MjQe6fnA
rustic_barn,rustic_barn_FC6P7oUBeq8.jpg,Jay Heike,https://unsplash.com/@jayrheike,mason jar wedding,FC6P7oUBeq8
rustic_barn,rustic_barn_IsZWx2oIRb0.jpg,Annika Marek-Barta,https://unsplash.com/@annikamarekbarta,mason jar wedding,IsZWx2oIRb0
rustic_barn,rustic_barn_XlgM49J8EVk.jpg,Pedro Lopes,https://unsplash.com/@docasamentos,mason jar wedding,XlgM49J8EVk
rustic_barn,rustic_barn_jnuQsy5nwvk.jpg,Patrick Pahlke,https://unsplash.com/@p_pixels_p,mason jar wedding,jnuQsy5nwvk
rustic_barn,rustic_barn_Mu5_77To_Yc.jpg,Pao,https://unsplash.com/@capturingthejourney_,mason jar wedding,Mu5_77To_Yc
rustic_barn,rustic_barn_YkEu4b4Q5Nk.jpg,Dan Edwards,https://unsplash.com/@de,mason jar wedding,YkEu4b4Q5Nk
rustic_barn,rustic_barn_w4_f6BFkp1w.jpg,Camille Orgel,https://unsplash.com/@cam_bam,mason jar wedding,w4_f6BFkp1w
rustic_barn,rustic_barn_FG-aOeloKeM.jpg,Hasan Almasi,https://unsplash.com/@hasanalmasi,mason jar wedding,FG-aOeloKeM
rustic_barn,rustic_barn_kygCLzaN0gY.jpg,Creed Ferguson,https://unsplash.com/@creed_ferguson,mason jar wedding,kygCLzaN0gY
rustic_barn,rustic_barn_d6oy-wZK0v0.jpg,Thomas AE,https://unsplash.com/@thomasae,mason jar wedding,d6oy-wZK0v0
rustic_barn,rustic_barn_LmQpAJmUZ9k.jpg,Ian Battaglia,https://unsplash.com/@ianjbattaglia,string lights barn wedding,LmQpAJmUZ9k
rustic_barn,rustic_barn_Njj3qZxtN48.jpg,Anthony DeMarino,https://unsplash.com/@ademarino92,string lights barn wedding,Njj3qZxtN48
rustic_barn,rustic_barn_gAR2hEr8COo.jpg,Devon Divine,https://unsplash.com/@lightrisephoto,string lights barn wedding,gAR2hEr8COo
rustic_barn,rustic_barn___yu9UA6n6c.jpg,Fujiphilm,https://unsplash.com/@fujiphilm,string lights barn wedding,__yu9UA6n6c
rustic_barn,rustic_barn_h9KmoZgzf7o.jpg,Randy Fath,https://unsplash.com/@randyfath,string lights barn wedding,h9KmoZgzf7o
rustic_barn,rustic_barn_2NlOMzuu27k.jpg,adam roye,https://unsplash.com/@psco,string lights barn wedding,2NlOMzuu27k
rustic_barn,rustic_barn_hLwxxsyon3U.jpg,Steffen Lemmerzahl,https://unsplash.com/@steffen_l,string lights barn wedding,hLwxxsyon3U
rustic_barn,rustic_barn_7Hy-6uGv2cM.jpg,Drew Hastings,https://unsplash.com/@theenthusedlife,string lights barn wedding,7Hy-6uGv2cM
rustic_barn,rustic_barn_851c8vCJpAY.jpg,Mostafa Turkey,https://unsplash.com/@mostafaturkey,string lights barn wedding,851c8vCJpAY
rustic_barn,rustic_barn_F9mbfG8T8O0.jpg,Cole Johnson,https://unsplash.com/@itscameracole_,string lights barn wedding,F9mbfG8T8O0
rustic_barn,rustic_barn_mYXGbPnnSiA.jpg,Nathan Michielson,https://unsplash.com/@nate_craig,string lights barn wedding,mYXGbPnnSiA
rustic_barn,rustic_barn_J0aSS7YUjZg.jpg,Jay Sekhar,https://unsplash.com/@js5928,string lights barn wedding,J0aSS7YUjZg
rustic_barn,rustic_barn_20tr_589YBU.jpg,Pete Alexopoulos,https://unsplash.com/@pete_a,string lights barn wedding,20tr_589YBU
rustic_barn,rustic_barn_cew-O_O5Bdg.jpg,Gabriel Domingues Leão da Costa,https://unsplash.com/@gabriel1dom,string lights barn wedding,cew-O_O5Bdg
rustic_barn,rustic_barn_amcjYCbbkf0.jpg,Christina Victoria Craft,https://unsplash.com/@victoriabcphotographer,string lights barn wedding,amcjYCbbkf0
rustic_barn,rustic_barn_3Ap-kbPfMMo.jpg,Christian Bass,https://unsplash.com/@ceebeesnap,string lights barn wedding,3Ap-kbPfMMo
rustic_barn,rustic_barn_-WS7qSvhTq8.jpg,Hans,https://unsplash.com/@hansphoto,string lights barn wedding,-WS7qSvhTq8
rustic_barn,rustic_barn_Cqd4mb4iHXM.jpg,Stephen Andrews,https://unsplash.com/@porkbellysteve,string lights barn wedding,Cqd4mb4iHXM
rustic_barn,rustic_barn_vGbz6jVfXMQ.jpg,Nikos Kavvadas,https://unsplash.com/@nikoslefkas,string lights barn wedding,vGbz6jVfXMQ
luxury_glamour,luxury_glamour_T5v5i67QYGk.jpg,Lucas T Photography,https://unsplash.com/@lucastphotography,luxury wedding ballroom,T5v5i67QYGk
luxury_glamour,luxury_glamour_eN1lACiHPfU.jpg,Lucas T Photography,https://unsplash.com/@lucastphotography,luxury wedding ballroom,eN1lACiHPfU
luxury_glamour,luxury_glamour_2OrQ-JPCc08.jpg,Michael D Beckwith,https://unsplash.com/@mdbeckwith,luxury wedding ballroom,2OrQ-JPCc08
luxury_glamour,luxury_glamour_ij9c7TPlcQo.jpg,YiChuan Li,https://unsplash.com/@liyichuan,glamorous wedding decor,ij9c7TPlcQo
luxury_glamour,luxury_glamour_4PCcQXHMCQ4.jpg,Navis Pebin,https://unsplash.com/@navispebin,glamorous wedding decor,4PCcQXHMCQ4
luxury_glamour,luxury_glamour_fqv5VIifh7k.jpg,Green Yang,https://unsplash.com/@greenyang10,glamorous wedding decor,fqv5VIifh7k
luxury_glamour,luxury_glamour_WgRdrrYbTtE.jpg,Nusiba Ahmed,https://unsplash.com/@nus95x,glamorous wedding decor,WgRdrrYbTtE
luxury_glamour,luxury_glamour_EBFE1YJoQV4.jpg,Markus Winkler,https://unsplash.com/@markuswinkler,glamorous wedding decor,EBFE1YJoQV4
luxury_glamour,luxury_glamour_OlJMRsKbtxk.jpg,Road Ahead,https://unsplash.com/@roadahead_2223,glamorous wedding decor,OlJMRsKbtxk
luxury_glamour,luxury_glamour_UjMaT9fYvFA.jpg,Road Ahead,https://unsplash.com/@roadahead_2223,glamorous wedding decor,UjMaT9fYvFA
luxury_glamour,luxury_glamour_n1zc5Q5oRHQ.jpg,LEE JANE,https://unsplash.com/@applepicker1,glamorous wedding decor,n1zc5Q5oRHQ
luxury_glamour,luxury_glamour_bRbidycVrC8.jpg,Road Ahead,https://unsplash.com/@roadahead_2223,glamorous wedding decor,bRbidycVrC8
luxury_glamour,luxury_glamour_1TdW9Fezz0A.jpg,Akash Deep Shanker,https://unsplash.com/@akashdeepshanker,glamorous wedding decor,1TdW9Fezz0A
luxury_glamour,luxury_glamour_dKTuDLf0L6U.jpg,akhmad jazuli,https://unsplash.com/@djazz356,glamorous wedding decor,dKTuDLf0L6U
luxury_glamour,luxury_glamour_Eer67b3X4OI.jpg,MARIOLA GROBELSKA,https://unsplash.com/@mariolagr,glamorous wedding decor,Eer67b3X4OI
luxury_glamour,luxury_glamour_J_Crkn61pwA.jpg,akhmad jazuli,https://unsplash.com/@djazz356,glamorous wedding decor,J_Crkn61pwA
luxury_glamour,luxury_glamour_qz2U7LwQTiQ.jpg,Jonathan Borba,https://unsplash.com/@jonathanborba,glamorous wedding decor,qz2U7LwQTiQ
luxury_glamour,luxury_glamour_DwyuLhUh08s.jpg,akhmad jazuli,https://unsplash.com/@djazz356,glamorous wedding decor,DwyuLhUh08s
luxury_glamour,luxury_glamour_VHpDV7hTKGs.jpg,Road Ahead,https://unsplash.com/@roadahead_2223,glamorous wedding decor,VHpDV7hTKGs
luxury_glamour,luxury_glamour_FmilE3ggaEY.jpg,Evenson Calder,https://unsplash.com/@evenson,glamorous wedding decor,FmilE3ggaEY
luxury_glamour,luxury_glamour_JVR4toU0eTQ.jpg,Aahna M,https://unsplash.com/@fnpgardens,glamorous wedding decor,JVR4toU0eTQ
luxury_glamour,luxury_glamour_3FGvMGhEYpo.jpg,The Decor Seo,https://unsplash.com/@thedecorseo,glamorous wedding decor,3FGvMGhEYpo
luxury_glamour,luxury_glamour_m6ab9w9xfyo.jpg,akhmad jazuli,https://unsplash.com/@djazz356,glamorous wedding decor,m6ab9w9xfyo
luxury_glamour,luxury_glamour_rtD3m2p5n7U.jpg,Liu Techawiwattanaboon,https://unsplash.com/@willow3565,glamorous wedding decor,rtD3m2p5n7U
luxury_glamour,luxury_glamour_5qx9X0brsDA.jpg,Lucas T Photography,https://unsplash.com/@lucastphotography,glamorous wedding decor,5qx9X0brsDA
luxury_glamour,luxury_glamour_kVv4IlAGVhE.jpg,Ken S,https://unsplash.com/@chum94555,glamorous wedding decor,kVv4IlAGVhE
luxury_glamour,luxury_glamour_HapntxPHh2k.jpg,Max Titov,https://unsplash.com/@fearvi,glamorous wedding decor,HapntxPHh2k
luxury_glamour,luxury_glamour_P3Q3KjqWrZo.jpg,F aint,https://unsplash.com/@faintsam,glamorous wedding decor,P3Q3KjqWrZo
luxury_glamour,luxury_glamour_zYFqp49xEaM.jpg,akhmad jazuli,https://unsplash.com/@djazz356,glamorous wedding decor,zYFqp49xEaM
luxury_glamour,luxury_glamour_6pLog10_v74.jpg,Adi Mhd,https://unsplash.com/@mhdady,glamorous wedding decor,6pLog10_v74
luxury_glamour,luxury_glamour_n8f9ua5AuYU.jpg,Haim Charbit,https://unsplash.com/@haim_charbit18,glamorous wedding decor,n8f9ua5AuYU
luxury_glamour,luxury_glamour_WpUbvNE3XBs.jpg,akhmad jazuli,https://unsplash.com/@djazz356,glamorous wedding decor,WpUbvNE3XBs
luxury_glamour,luxury_glamour_l08YGEl3YNg.jpg,Fotógrafo Samuel Cruz,https://unsplash.com/@fotografosamuelcruz,glamorous wedding decor,l08YGEl3YNg
luxury_glamour,luxury_glamour_0zERrbey8XM.jpg,William Krause,https://unsplash.com/@williamk,chandelier wedding,0zERrbey8XM
luxury_glamour,luxury_glamour_e-YZnnoyvHc.jpg,Camille Brodard,https://unsplash.com/@kmile_ch,chandelier wedding,e-YZnnoyvHc
luxury_glamour,luxury_glamour_Kd6rg_7XHzc.jpg,Jenny Cvek,https://unsplash.com/@jenny_cvek,chandelier wedding,Kd6rg_7XHzc
luxury_glamour,luxury_glamour_U-FRHBw2OmQ.jpg,550Park Luxury Wedding Films,https://unsplash.com/@550park,chandelier wedding,U-FRHBw2OmQ
luxury_glamour,luxury_glamour_iXTkKQyVqbM.jpg,ISKRA Photography,https://unsplash.com/@iskra_photography,chandelier wedding,iXTkKQyVqbM
luxury_glamour,luxury_glamour_nd6s4aQRX70.jpg,Brittney Weng,https://unsplash.com/@brittneyweng,chandelier wedding,nd6s4aQRX70
luxury_glamour,luxury_glamour_QRhcFu8CVpE.jpg,Steven Van Elk,https://unsplash.com/@stevenvanelk,chandelier wedding,QRhcFu8CVpE
luxury_glamour,luxury_glamour_5MGuRu5SNFY.jpg,Steven Van Elk,https://unsplash.com/@stevenvanelk,chandelier wedding,5MGuRu5SNFY
luxury_glamour,luxury_glamour_AlOuDl4HfFA.jpg,Steven Van Elk,https://unsplash.com/@stevenvanelk,chandelier wedding,AlOuDl4HfFA
luxury_glamour,luxury_glamour_9T772-_aL1E.jpg,Mihail Macri,https://unsplash.com/@macrimihail,chandelier wedding,9T772-_aL1E
luxury_glamour,luxury_glamour_wDFIB4pBUoE.jpg,Reneé Thompson,https://unsplash.com/@reneethompsonco,chandelier wedding,wDFIB4pBUoE
luxury_glamour,luxury_glamour_sHEwH4lgGrY.jpg,Lucas T Photography,https://unsplash.com/@lucastphotography,chandelier wedding,sHEwH4lgGrY
luxury_glamour,luxury_glamour_AzvGCVHGPCE.jpg,Konark Weddings,https://unsplash.com/@konarkweddings,chandelier wedding,AzvGCVHGPCE
luxury_glamour,luxury_glamour_zNsSwsuyP3A.jpg,Abby Savage,https://unsplash.com/@abbysavagecreative,chandelier wedding,zNsSwsuyP3A
luxury_glamour,luxury_glamour_yiWRSJArk2M.jpg,Reneé Thompson,https://unsplash.com/@reneethompsonco,chandelier wedding,yiWRSJArk2M
luxury_glamour,luxury_glamour_JUCU3SaXIzk.jpg,Steven Van Elk,https://unsplash.com/@stevenvanelk,chandelier wedding,JUCU3SaXIzk
luxury_glamour,luxury_glamour_65mh04qlcBU.jpg,Simply thrilled,https://unsplash.com/@simplythrilled_,chandelier wedding,65mh04qlcBU
luxury_glamour,luxury_glamour_pxM9qsaxIoQ.jpg,Liana S,https://unsplash.com/@cherstve_pechivo,chandelier wedding,pxM9qsaxIoQ
luxury_glamour,luxury_glamour_YQOdiIqlHEQ.jpg,Hazel J,https://unsplash.com/@hhj8861,chandelier wedding,YQOdiIqlHEQ
luxury_glamour,luxury_glamour_RpobdSRMa4A.jpg,HACA Wedding,https://unsplash.com/@hacawedding,chandelier wedding,RpobdSRMa4A
luxury_glamour,luxury_glamour_29dRKvVhjyE.jpg,Jet Kim,https://unsplash.com/@frogman39,chandelier wedding,29dRKvVhjyE
luxury_glamour,luxury_glamour_mi866jDfqok.jpg,Alin Gavriliuc,https://unsplash.com/@alingavriliuc,chandelier wedding,mi866jDfqok
luxury_glamour,luxury_glamour_PqQv59GJUpc.jpg,HACA Wedding,https://unsplash.com/@hacawedding,chandelier wedding,PqQv59GJUpc
luxury_glamour,luxury_glamour_cWWuX8wCKdA.jpg,Lucas T Photography,https://unsplash.com/@lucastphotography,chandelier wedding,cWWuX8wCKdA
luxury_glamour,luxury_glamour_oYB_Ik7QKZ8.jpg,HACA Wedding,https://unsplash.com/@hacawedding,chandelier wedding,oYB_Ik7QKZ8
luxury_glamour,luxury_glamour_tE1x5ZRPhYs.jpg,akhmad jazuli,https://unsplash.com/@djazz356,chandelier wedding,tE1x5ZRPhYs
luxury_glamour,luxury_glamour_ix-_Nzmb30o.jpg,Jonathan Borba,https://unsplash.com/@jonathanborba,chandelier wedding,ix-_Nzmb30o
luxury_glamour,luxury_glamour_XG-bLu2bxaI.jpg,DJFrancisco Perez,https://unsplash.com/@djfrancisco,chandelier wedding,XG-bLu2bxaI
luxury_glamour,luxury_glamour_hRcJt9QnbdI.jpg,anik das,https://unsplash.com/@anik01993,chandelier wedding,hRcJt9QnbdI
luxury_glamour,luxury_glamour_l4NlZkc9WAo.jpg,akhmad jazuli,https://unsplash.com/@djazz356,chandelier wedding,l4NlZkc9WAo
luxury_glamour,luxury_glamour_-zrF3M0RjWA.jpg,Jonathan Borba,https://unsplash.com/@jonathanborba,gold wedding centerpiece,-zrF3M0RjWA
luxury_glamour,luxury_glamour_HCUWYG5gCCY.jpg,Fotógrafo Samuel Cruz,https://unsplash.com/@fotografosamuelcruz,gold wedding centerpiece,HCUWYG5gCCY
luxury_glamour,luxury_glamour_OdI2M2SoAQc.jpg,Manya Sivanandam,https://unsplash.com/@manyasivanandam,gold wedding centerpiece,OdI2M2SoAQc
luxury_glamour,luxury_glamour_3nj-jsGwjVg.jpg,Bruno Ngarukiye,https://unsplash.com/@itsbrunoagain,gold wedding centerpiece,3nj-jsGwjVg
luxury_glamour,luxury_glamour_CIBIEsYPgGE.jpg,Bruno Ngarukiye,https://unsplash.com/@itsbrunoagain,gold wedding centerpiece,CIBIEsYPgGE
luxury_glamour,luxury_glamour_WQZ28TCnvbQ.jpg,Bruno Ngarukiye,https://unsplash.com/@itsbrunoagain,gold wedding centerpiece,WQZ28TCnvbQ
luxury_glamour,luxury_glamour_ZsmSKZOF_SA.jpg,Bruno Ngarukiye,https://unsplash.com/@itsbrunoagain,gold wedding centerpiece,ZsmSKZOF_SA
luxury_glamour,luxury_glamour_OqFZPMeufYQ.jpg,Bruno Ngarukiye,https://unsplash.com/@itsbrunoagain,gold wedding centerpiece,OqFZPMeufYQ
luxury_glamour,luxury_glamour_tCWogSI6kig.jpg,Bruno Ngarukiye,https://unsplash.com/@itsbrunoagain,gold wedding centerpiece,tCWogSI6kig
luxury_glamour,luxury_glamour_eygUbp_0svk.jpg,Bruno Ngarukiye,https://unsplash.com/@itsbrunoagain,gold wedding centerpiece,eygUbp_0svk
luxury_glamour,luxury_glamour_olOdSVw5THI.jpg,Bruno Ngarukiye,https://unsplash.com/@itsbrunoagain,gold wedding centerpiece,olOdSVw5THI
luxury_glamour,luxury_glamour_ogSlX2-5XIY.jpg,Bruno Ngarukiye,https://unsplash.com/@itsbrunoagain,gold wedding centerpiece,ogSlX2-5XIY
luxury_glamour,luxury_glamour_3J-n9VVDCYw.jpg,Bruno Ngarukiye,https://unsplash.com/@itsbrunoagain,gold wedding centerpiece,3J-n9VVDCYw
luxury_glamour,luxury_glamour_n_PLNyQ_3Ow.jpg,Bruno Ngarukiye,https://unsplash.com/@itsbrunoagain,gold wedding centerpiece,n_PLNyQ_3Ow
luxury_glamour,luxury_glamour_rJWykl03fbA.jpg,Michael Kyule,https://unsplash.com/@madness_leahcim_,gold wedding centerpiece,rJWykl03fbA
luxury_glamour,luxury_glamour_XGZtLOYVJVI.jpg,@bradleysantos_,https://unsplash.com/@bradleysantos_,gold wedding centerpiece,XGZtLOYVJVI
luxury_glamour,luxury_glamour_pEDpf9eezpo.jpg,Paul Schnürle,https://unsplash.com/@paulschnuerle,gold wedding centerpiece,pEDpf9eezpo
luxury_glamour,luxury_glamour_NaAlj3g9BgQ.jpg,Emily Finch,https://unsplash.com/@emilydafinchy,gold wedding centerpiece,NaAlj3g9BgQ
luxury_glamour,luxury_glamour_GhWa4vtA0u8.jpg,Zetong Li,https://unsplash.com/@zetong,gold wedding centerpiece,GhWa4vtA0u8
luxury_glamour,luxury_glamour_rG03DKgjyNM.jpg,Bonnie Kittle,https://unsplash.com/@bonniekdesign,gold wedding centerpiece,rG03DKgjyNM
luxury_glamour,luxury_glamour_STxx-FsN9Ns.jpg,Ev Rodriguez,https://unsplash.com/@evrodzz,gold wedding centerpiece,STxx-FsN9Ns
luxury_glamour,luxury_glamour_GvAvtPHHu2Q.jpg,Filipp Romanovski,https://unsplash.com/@filipp_roman_photography,gold wedding centerpiece,GvAvtPHHu2Q
luxury_glamour,luxury_glamour_vqIj-O-WGxc.jpg,Diego Lozano,https://unsplash.com/@diegonacho,gold wedding centerpiece,vqIj-O-WGxc
luxury_glamour,luxury_glamour_QajiwTu03mg.jpg,Pew Nguyen,https://unsplash.com/@nguyentrungnguyen,gold wedding centerpiece,QajiwTu03mg
luxury_glamour,luxury_glamour_xSC2hGq9Jss.jpg,OIIF,https://unsplash.com/@oiif,gold wedding centerpiece,xSC2hGq9Jss
luxury_glamour,luxury_glamour_vQ-b47dGyD0.jpg,Gary Meulemans,https://unsplash.com/@anakin1814,gold wedding centerpiece,vQ-b47dGyD0
luxury_glamour,luxury_glamour_dTun_9e3aB8.jpg,Jonathan Borba,https://unsplash.com/@jonathanborba,gold wedding centerpiece,dTun_9e3aB8
luxury_glamour,luxury_glamour_YB-tCtbBsrE.jpg,Brunxs,https://unsplash.com/@brunxs,gold wedding centerpiece,YB-tCtbBsrE
luxury_glamour,luxury_glamour_cmwYu2AA_YI.jpg,Filipp Romanovski,https://unsplash.com/@filipp_roman_photography,gold wedding centerpiece,cmwYu2AA_YI
luxury_glamour,luxury_glamour_OIwYpZp8_rk.jpg,chaewon you,https://unsplash.com/@chae_won_cw,gold wedding centerpiece,OIwYpZp8_rk
garden_floral,garden_floral_aRQrz0fclB8.jpg,Soulseeker - Creative Photography,https://unsplash.com/@soulseekerphoto,garden wedding,aRQrz0fclB8
garden_floral,garden_floral_jTnipV64uLo.jpg,Matthew Essman,https://unsplash.com/@thetruth23,garden wedding,jTnipV64uLo
garden_floral,garden_floral_ZpNBwBR38fA.jpg,Brunxs,https://unsplash.com/@brunxs,garden wedding,ZpNBwBR38fA
garden_floral,garden_floral_JYR7DNdUqo4.jpg,Ben Atkins,https://unsplash.com/@benatkinsphotography,garden wedding,JYR7DNdUqo4
garden_floral,garden_floral_f7e3L3Fji9I.jpg,Pedro Pulido,https://unsplash.com/@pedropulidophotography,garden wedding,f7e3L3Fji9I
garden_floral,garden_floral_7pOTS2PD1yo.jpg,Asdrubal luna,https://unsplash.com/@infectedluna,garden wedding,7pOTS2PD1yo
garden_floral,garden_floral_vcshPRvJpwo.jpg,Ben Atkins,https://unsplash.com/@benatkinsphotography,garden wedding,vcshPRvJpwo
garden_floral,garden_floral_CVtXruHYdi0.jpg,Jonathan Borba,https://unsplash.com/@jonathanborba,garden wedding,CVtXruHYdi0
garden_floral,garden_floral_oYIkdyUxmcE.jpg,Tim Gouw,https://unsplash.com/@punttim,garden wedding,oYIkdyUxmcE
garden_floral,garden_floral_J9ZN9PSTllA.jpg,Kïm Ałlexiś Ďiwä,https://unsplash.com/@kimallexis,garden wedding,J9ZN9PSTllA
garden_floral,garden_floral_bie6vVstGTk.jpg,Samuel Regan-Asante,https://unsplash.com/@reganography,garden wedding,bie6vVstGTk
garden_floral,garden_floral_sJD9TIfYOrY.jpg,Sergey Maslennikov,https://unsplash.com/@sergeymasle,garden wedding,sJD9TIfYOrY
garden_floral,garden_floral_33yonj9AKyU.jpg,Asdrubal luna,https://unsplash.com/@infectedluna,garden wedding,33yonj9AKyU
garden_floral,garden_floral_Ge-p4sQrhpE.jpg,Indra Utama,https://unsplash.com/@indraddd,garden wedding,Ge-p4sQrhpE
garden_floral,garden_floral_ZrpjV2IpkSg.jpg,Fotógrafo Samuel Cruz,https://unsplash.com/@fotografosamuelcruz,garden wedding,ZrpjV2IpkSg
garden_floral,garden_floral_yk9A3Ge2amc.jpg,Anastasia Rupasova,https://unsplash.com/@anastasiaru,garden wedding,yk9A3Ge2amc
garden_floral,garden_floral_ohEq2BC8THM.jpg,Jennifer Kalenberg,https://unsplash.com/@jkalen71,garden wedding,ohEq2BC8THM
garden_floral,garden_floral_7PuxGo267Bw.jpg,Malia Moore,https://unsplash.com/@maliafaithmoore,garden wedding,7PuxGo267Bw
garden_floral,garden_floral_dJgGLX4F-eM.jpg,Kelly Cristine,https://unsplash.com/@kellyphotosx,garden wedding,dJgGLX4F-eM
garden_floral,garden_floral_CidFgNfk7MQ.jpg,Travis Grossen,https://unsplash.com/@tgrossen,garden wedding,CidFgNfk7MQ
garden_floral,garden_floral_Q9HYFXSV9T8.jpg,Fotógrafo Samuel Cruz,https://unsplash.com/@fotografosamuelcruz,garden wedding,Q9HYFXSV9T8
garden_floral,garden_floral_cBNu1Hzndp0.jpg,Fotógrafo Samuel Cruz,https://unsplash.com/@fotografosamuelcruz,garden wedding,cBNu1Hzndp0
garden_floral,garden_floral_nt0xQ4tef_I.jpg,Brett Wharton,https://unsplash.com/@brettwharton,garden wedding,nt0xQ4tef_I
garden_floral,garden_floral_tnM8vpfQvts.jpg,Lucas T Photography,https://unsplash.com/@lucastphotography,garden wedding,tnM8vpfQvts
garden_floral,garden_floral_VlG6ZiGXt1o.jpg,Fotógrafo Samuel Cruz,https://unsplash.com/@fotografosamuelcruz,garden wedding,VlG6ZiGXt1o
garden_floral,garden_floral_xJpdywyn9eY.jpg,Michael Fousert,https://unsplash.com/@michaelfousert,garden wedding,xJpdywyn9eY
garden_floral,garden_floral__ObILA1XpSQ.jpg,Jose Marroquin,https://unsplash.com/@josemarroquin,garden wedding,_ObILA1XpSQ
garden_floral,garden_floral_Cox_InpCuXo.jpg,HACA Wedding,https://unsplash.com/@hacawedding,garden wedding,Cox_InpCuXo
garden_floral,garden_floral_Fpgq9v5x7gU.jpg,Fotógrafo Samuel Cruz,https://unsplash.com/@fotografosamuelcruz,garden wedding,Fpgq9v5x7gU
garden_floral,garden_floral_sMSlyOcfcoI.jpg,Roger Ce,https://unsplash.com/@roger_ce77,garden wedding,sMSlyOcfcoI
garden_floral,garden_floral_x40Q9jrEVT0.jpg,Samantha Gades,https://unsplash.com/@srosinger3997,floral wedding arch,x40Q9jrEVT0
garden_floral,garden_floral_kdlfXY9rvZA.jpg,David Goldman,https://unsplash.com/@davidjessephoto,floral wedding arch,kdlfXY9rvZA
garden_floral,garden_floral_DXOx3Y8oTjc.jpg,Omar Tursić,https://unsplash.com/@omar_dc,floral wedding arch,DXOx3Y8oTjc
garden_floral,garden_floral_4AX70fujoxg.jpg,Jen Vazquez,https://unsplash.com/@jenvazquezmedia,floral wedding arch,4AX70fujoxg
garden_floral,garden_floral_r8u6VzviJtg.jpg,Zane Persaud,https://unsplash.com/@zapsizzle,floral wedding arch,r8u6VzviJtg
garden_floral,garden_floral_OENBWLl4Y3Q.jpg,David Goldman,https://unsplash.com/@davidjessephoto,floral wedding arch,OENBWLl4Y3Q
garden_floral,garden_floral_D6ZzpJZgkBs.jpg,Giorgi Khatchapuridze,https://unsplash.com/@georgedaqu,floral wedding arch,D6ZzpJZgkBs
garden_floral,garden_floral_rTfCxBDIn6Y.jpg,Fotógrafo Samuel Cruz,https://unsplash.com/@fotografosamuelcruz,floral wedding arch,rTfCxBDIn6Y
garden_floral,garden_floral_MAo-hvH-sBY.jpg,Fotógrafo Samuel Cruz,https://unsplash.com/@fotografosamuelcruz,floral wedding arch,MAo-hvH-sBY
garden_floral,garden_floral_V8v4v7CYEgk.jpg,Vidit Goswami,https://unsplash.com/@viditgoswami,floral wedding arch,V8v4v7CYEgk
garden_floral,garden_floral_Yk4qNTuBvGk.jpg,jason hu,https://unsplash.com/@hujason,floral wedding arch,Yk4qNTuBvGk
garden_floral,garden_floral_YBlUmBy8X2Q.jpg,Dori  Drabek,https://unsplash.com/@ddrabek,floral wedding arch,YBlUmBy8X2Q
garden_floral,garden_floral_EQcRRfDLIts.jpg,Jonathan Borba,https://unsplash.com/@jonathanborba,floral wedding arch,EQcRRfDLIts
garden_floral,garden_floral_X2xNZje-GHo.jpg,Simply thrilled,https://unsplash.com/@simplythrilled_,floral wedding arch,X2xNZje-GHo
garden_floral,garden_floral_g-46CLKsDW8.jpg,Jonathan Borba,https://unsplash.com/@jonathanborba,floral wedding arch,g-46CLKsDW8
garden_floral,garden_floral_x2v_iObinuo.jpg,Fotógrafo Samuel Cruz,https://unsplash.com/@fotografosamuelcruz,floral wedding arch,x2v_iObinuo
garden_floral,garden_floral_65mh04qlcBU.jpg,Simply thrilled,https://unsplash.com/@simplythrilled_,floral wedding arch,65mh04qlcBU
garden_floral,garden_floral__a4OJrB5Q4A.jpg,Jonathan Borba,https://unsplash.com/@jonathanborba,floral wedding arch,_a4OJrB5Q4A
garden_floral,garden_floral_ic3PseTuQkk.jpg,Fotógrafo Samuel Cruz,https://unsplash.com/@fotografosamuelcruz,floral wedding arch,ic3PseTuQkk
garden_floral,garden_floral_no7xUiLwv48.jpg,Shoham Avisrur,https://unsplash.com/@shoham_avisrur,floral wedding arch,no7xUiLwv48
garden_floral,garden_floral_9NHvbMnSI9c.jpg,Fotógrafo Samuel Cruz,https://unsplash.com/@fotografosamuelcruz,floral wedding arch,9NHvbMnSI9c
garden_floral,garden_floral_XGeKyTG6U6A.jpg,Vidit Goswami,https://unsplash.com/@viditgoswami,floral wedding arch,XGeKyTG6U6A
garden_floral,garden_floral_EQxK5iCPnT8.jpg,Ben Atkins,https://unsplash.com/@benatkinsphotography,floral wedding arch,EQxK5iCPnT8
garden_floral,garden_floral_h2TSX13RjL8.jpg,Sitraka Mamy Tantely Andriamialijaona,https://unsplash.com/@sitrakamamytantely12,floral wedding arch,h2TSX13RjL8
garden_floral,garden_floral_4PKSuQrucSg.jpg,Billy Lovecraft,https://unsplash.com/@youngmalfunctionarts,floral wedding arch,4PKSuQrucSg
garden_floral,garden_floral_RElS84Pjt_w.jpg,Fotógrafo Samuel Cruz,https://unsplash.com/@fotografosamuelcruz,floral wedding arch,RElS84Pjt_w
garden_floral,garden_floral_HG1kVu-dEhk.jpg,Adhitya Sibikumar,https://unsplash.com/@adhitya_2505,floral wedding arch,HG1kVu-dEhk
garden_floral,garden_floral_dAvGvRzTbTw.jpg,Fotógrafo Samuel Cruz,https://unsplash.com/@fotografosamuelcruz,floral wedding arch,dAvGvRzTbTw
garden_floral,garden_floral_XYdJWNy0jE4.jpg,Shoham Avisrur,https://unsplash.com/@shoham_avisrur,floral wedding arch,XYdJWNy0jE4
garden_floral,garden_floral_IHFGvbBekOk.jpg,Brittney Weng,https://unsplash.com/@brittneyweng,outdoor wedding greenery,IHFGvbBekOk
garden_floral,garden_floral_CEKa-wh1Fsw.jpg,Fallon Michael,https://unsplash.com/@fallonmichaeltx,outdoor wedding greenery,CEKa-wh1Fsw
garden_floral,garden_floral_zaeyf-6l83s.jpg,Houston Hanna,https://unsplash.com/@houstonhannaphotography,outdoor wedding greenery,zaeyf-6l83s
garden_floral,garden_floral_lmNFbphyPHI.jpg,Grace Anne Bobadilla,https://unsplash.com/@graceannefully,outdoor wedding greenery,lmNFbphyPHI
garden_floral,garden_floral_g805_dEF6HA.jpg,Giorgio Trovato,https://unsplash.com/@giorgiotrovato,outdoor wedding greenery,g805_dEF6HA
garden_floral,garden_floral_IAXH4tMEx_s.jpg,Jen Vazquez,https://unsplash.com/@jenvazquezmedia,outdoor wedding greenery,IAXH4tMEx_s
garden_floral,garden_floral_oTnoWlo_Tdo.jpg,Osmany M Leyva Aldana,https://unsplash.com/@ozym,outdoor wedding greenery,oTnoWlo_Tdo
garden_floral,garden_floral_YhFRcq5Qyw4.jpg,AL Kaium,https://unsplash.com/@al_kaium,outdoor wedding greenery,YhFRcq5Qyw4
garden_floral,garden_floral_N6gcqP5LZO8.jpg,Giorgio Trovato,https://unsplash.com/@giorgiotrovato,outdoor wedding greenery,N6gcqP5LZO8
garden_floral,garden_floral_Kk9wpTSq5WM.jpg,Simply thrilled,https://unsplash.com/@simplythrilled_,outdoor wedding greenery,Kk9wpTSq5WM
garden_floral,garden_floral_XNsCMrcAwWM.jpg,Yanhao Fang,https://unsplash.com/@alamanga,outdoor wedding greenery,XNsCMrcAwWM
garden_floral,garden_floral__9fECK_lBpk.jpg,Raju Kumar,https://unsplash.com/@rajurajkumar28,outdoor wedding greenery,_9fECK_lBpk
garden_floral,garden_floral_4uY92gU_73U.jpg,Troy Olson,https://unsplash.com/@city2forest,outdoor wedding greenery,4uY92gU_73U
garden_floral,garden_floral_0GQ77Dx2IGQ.jpg,Brittney Weng,https://unsplash.com/@brittneyweng,outdoor wedding greenery,0GQ77Dx2IGQ
garden_floral,garden_floral_1HjzbVysuyo.jpg,Brittney Weng,https://unsplash.com/@brittneyweng,outdoor wedding greenery,1HjzbVysuyo
garden_floral,garden_floral_WZrenYOuLXM.jpg,M M,https://unsplash.com/@minusculemarie,outdoor wedding greenery,WZrenYOuLXM
garden_floral,garden_floral_N-32fy5eG60.jpg,Nerissa J,https://unsplash.com/@nerissa_j_photography,outdoor wedding greenery,N-32fy5eG60
garden_floral,garden_floral_2mjewxzxGa4.jpg,Fabio Sasso,https://unsplash.com/@abduzeedo,outdoor wedding greenery,2mjewxzxGa4
garden_floral,garden_floral_mYrk5fTldlE.jpg,Grace Anne Bobadilla,https://unsplash.com/@graceannefully,outdoor wedding greenery,mYrk5fTldlE
garden_floral,garden_floral_XGimc1E7aAs.jpg,Tanya Barrow,https://unsplash.com/@tanyabarrow,outdoor wedding greenery,XGimc1E7aAs
garden_floral,garden_floral_NDDhZb8FS0Q.jpg,eden tuaine,https://unsplash.com/@eden_tuaine,outdoor wedding greenery,NDDhZb8FS0Q
garden_floral,garden_floral_v3bEXwhOTe4.jpg,Arisa Chattasa,https://unsplash.com/@golfarisa,outdoor wedding greenery,v3bEXwhOTe4
garden_floral,garden_floral_AEd7imVmdvQ.jpg,Nagniné,https://unsplash.com/@nagnine,outdoor wedding greenery,AEd7imVmdvQ
garden_floral,garden_floral_HMSIiGhAbbI.jpg,Brittney Weng,https://unsplash.com/@brittneyweng,outdoor wedding greenery,HMSIiGhAbbI
garden_floral,garden_floral_iZit-SCQAdA.jpg,Wedding Dreamz,https://unsplash.com/@wedding_dreamz,botanical wedding decor,iZit-SCQAdA
garden_floral,garden_floral_divZsHxB0m4.jpg,kylefromthenorth™️,https://unsplash.com/@kylefrederick10,botanical wedding decor,divZsHxB0m4
garden_floral,garden_floral_ZlbClsgV2G0.jpg,光术 山影,https://unsplash.com/@mrtiger,botanical wedding decor,ZlbClsgV2G0
garden_floral,garden_floral_tN98CKwRfsE.jpg,Anthony DeMarino,https://unsplash.com/@ademarino92,botanical wedding decor,tN98CKwRfsE
garden_floral,garden_floral_Y-uGpJBZONQ.jpg,Jonathan Borba,https://unsplash.com/@jonathanborba,botanical wedding decor,Y-uGpJBZONQ
garden_floral,garden_floral_-zrF3M0RjWA.jpg,Jonathan Borba,https://unsplash.com/@jonathanborba,botanical wedding decor,-zrF3M0RjWA
garden_floral,garden_floral_BdaqEK-kQik.jpg,Annie Spratt,https://unsplash.com/@anniespratt,botanical wedding decor,BdaqEK-kQik
garden_floral,garden_floral_kqPRRRAFs10.jpg,Jennifer Kalenberg,https://unsplash.com/@jkalen71,botanical wedding decor,kqPRRRAFs10
garden_floral,garden_floral_N26GCI3gIRE.jpg,Brooke Balentine,https://unsplash.com/@brookebalentine,botanical wedding decor,N26GCI3gIRE
garden_floral,garden_floral_N80vZTJ3ag8.jpg,Tanya Barrow,https://unsplash.com/@tanyabarrow,botanical wedding decor,N80vZTJ3ag8
garden_floral,garden_floral_cmVfL9H2mrk.jpg,HACA Wedding,https://unsplash.com/@hacawedding,botanical wedding decor,cmVfL9H2mrk
garden_floral,garden_floral_g1leWGx6T3M.jpg,Jonathan Borba,https://unsplash.com/@jonathanborba,botanical wedding decor,g1leWGx6T3M
garden_floral,garden_floral_cxTEWKDkons.jpg,Alexander von Schulz,https://unsplash.com/@jastorfproductions,botanical wedding decor,cxTEWKDkons
garden_floral,garden_floral_pjMavOFVQsk.jpg,Declan Sun,https://unsplash.com/@declansun,botanical wedding decor,pjMavOFVQsk
garden_floral,garden_floral_XP5DAHeMa_0.jpg,Jana Belonina,https://unsplash.com/@jana_tietz,botanical wedding decor,XP5DAHeMa_0
garden_floral,garden_floral_xepikEyPgmI.jpg,Kerri Shaver,https://unsplash.com/@kaerieann,botanical wedding decor,xepikEyPgmI
garden_floral,garden_floral_45Mj6MMy8TY.jpg,Yx W,https://unsplash.com/@bittercofy,botanical wedding decor,45Mj6MMy8TY
garden_floral,garden_floral_MPRUwyAzVHY.jpg,Szobota Zsuzsi,https://unsplash.com/@zsszobota,botanical wedding decor,MPRUwyAzVHY
garden_floral,garden_floral_E41FJBN09wc.jpg,Kerri Shaver,https://unsplash.com/@kaerieann,botanical wedding decor,E41FJBN09wc
garden_floral,garden_floral_9iVwTfXFcgU.jpg,Tsuyoshi Kozu,https://unsplash.com/@tsuyoshikozu,botanical wedding decor,9iVwTfXFcgU
garden_floral,garden_floral_ndp1vXmVP6E.jpg,Hailey Wagner,https://unsplash.com/@haileyellenw,botanical wedding decor,ndp1vXmVP6E
garden_floral,garden_floral_n7xGfbi2BHg.jpg,Tsuyoshi Kozu,https://unsplash.com/@tsuyoshikozu,botanical wedding decor,n7xGfbi2BHg
garden_floral,garden_floral_dXlyV7fSpw4.jpg,Amy Vo,https://unsplash.com/@hanomy,botanical wedding decor,dXlyV7fSpw4
garden_floral,garden_floral_GHseGk0NC2I.jpg,Tobias Doering,https://unsplash.com/@doeringphotograpy,botanical wedding decor,GHseGk0NC2I
garden_floral,garden_floral_mZW0QD2J8Qk.jpg,Rob Dean,https://unsplash.com/@robhdean,botanical wedding decor,mZW0QD2J8Qk
garden_floral,garden_floral_alv8MJcYsWw.jpg,Terry Montague,https://unsplash.com/@devon_terry,botanical wedding decor,alv8MJcYsWw
garden_floral,garden_floral_tM-fWKC5QR0.jpg,Tahamie Farooqui,https://unsplash.com/@tami171091,botanical wedding decor,tM-fWKC5QR0
garden_floral,garden_floral_GqGNl-O_S7U.jpg,Fotógrafo Samuel Cruz,https://unsplash.com/@fotografosamuelcruz,botanical wedding decor,GqGNl-O_S7U
garden_floral,garden_floral_C-WYqBHO41k.jpg,Ben Kupke,https://unsplash.com/@benkupke,botanical wedding decor,C-WYqBHO41k
minimalist_modern,minimalist_modern_NNNYIWDr-sQ.jpg,Fotógrafo Samuel Cruz,https://unsplash.com/@fotografosamuelcruz,minimalist wedding,NNNYIWDr-sQ
minimalist_modern,minimalist_modern_oDV14167o1o.jpg,Kerri Shaver,https://unsplash.com/@kaerieann,minimalist wedding,oDV14167o1o
minimalist_modern,minimalist_modern_SxFuue7OJY0.jpg,Kerri Shaver,https://unsplash.com/@kaerieann,minimalist wedding,SxFuue7OJY0
minimalist_modern,minimalist_modern_xepikEyPgmI.jpg,Kerri Shaver,https://unsplash.com/@kaerieann,minimalist wedding,xepikEyPgmI
minimalist_modern,minimalist_modern_GZ4lgw-NPp4.jpg,Jonathan Borba,https://unsplash.com/@jonathanborba,minimalist wedding,GZ4lgw-NPp4
minimalist_modern,minimalist_modern_yH3loyDejtE.jpg,Harsh Raghavani,https://unsplash.com/@justaclick_24,minimalist wedding,yH3loyDejtE
minimalist_modern,minimalist_modern_mN1h_6l2yKc.jpg,Christina Victoria Craft,https://unsplash.com/@victoriabcphotographer,minimalist wedding,mN1h_6l2yKc
minimalist_modern,minimalist_modern_3nhEYe-tD0w.jpg,Ryan Adi,https://unsplash.com/@ryan_adi,minimalist wedding,3nhEYe-tD0w
minimalist_modern,minimalist_modern_DPTFlJ1HhAw.jpg,Constantin Panagopoulos,https://unsplash.com/@dinpanag,minimalist wedding,DPTFlJ1HhAw
minimalist_modern,minimalist_modern_45Mj6MMy8TY.jpg,Yx W,https://unsplash.com/@bittercofy,minimalist wedding,45Mj6MMy8TY
minimalist_modern,minimalist_modern_pi2osUBn9-M.jpg,Kerri Shaver,https://unsplash.com/@kaerieann,minimalist wedding,pi2osUBn9-M
minimalist_modern,minimalist_modern_E41FJBN09wc.jpg,Kerri Shaver,https://unsplash.com/@kaerieann,minimalist wedding,E41FJBN09wc
minimalist_modern,minimalist_modern_PosnscS4MCU.jpg,Katsia Jazwinska,https://unsplash.com/@katsiajazwinska,minimalist wedding,PosnscS4MCU
minimalist_modern,minimalist_modern_fdIdDuiU-Lk.jpg,PRAHANT STUDIO,https://unsplash.com/@prahantstudio,minimalist wedding,fdIdDuiU-Lk
minimalist_modern,minimalist_modern_z0mgwjBLQg8.jpg,PRAHANT STUDIO,https://unsplash.com/@prahantstudio,minimalist wedding,z0mgwjBLQg8
minimalist_modern,minimalist_modern_PR9-iGxfD80.jpg,PRAHANT STUDIO,https://unsplash.com/@prahantstudio,minimalist wedding,PR9-iGxfD80
minimalist_modern,minimalist_modern_dXlyV7fSpw4.jpg,Amy Vo,https://unsplash.com/@hanomy,minimalist wedding,dXlyV7fSpw4
minimalist_modern,minimalist_modern_XNsCMrcAwWM.jpg,Yanhao Fang,https://unsplash.com/@alamanga,minimalist wedding,XNsCMrcAwWM
minimalist_modern,minimalist_modern_7GEvxZf8DVs.jpg,Rachel Kelli,https://unsplash.com/@rachelkelli,minimalist wedding,7GEvxZf8DVs
minimalist_modern,minimalist_modern_MPRUwyAzVHY.jpg,Szobota Zsuzsi,https://unsplash.com/@zsszobota,minimalist wedding,MPRUwyAzVHY
minimalist_modern,minimalist_modern_RUrhbLn8L1I.jpg,Li Yang,https://unsplash.com/@ly0ns,minimalist wedding,RUrhbLn8L1I
minimalist_modern,minimalist_modern_ZbORf3PirVE.jpg,Gaurav Prajapati,https://unsplash.com/@gaurav3192,minimalist wedding,ZbORf3PirVE
minimalist_modern,minimalist_modern_GHseGk0NC2I.jpg,Tobias Doering,https://unsplash.com/@doeringphotograpy,minimalist wedding,GHseGk0NC2I
minimalist_modern,minimalist_modern_XZ76Vn5-EX4.jpg,PRAHANT STUDIO,https://unsplash.com/@prahantstudio,minimalist wedding,XZ76Vn5-EX4
minimalist_modern,minimalist_modern_L5gTFp1iGHE.jpg,Kiet Trinh,https://unsplash.com/@kiettrinh,minimalist wedding,L5gTFp1iGHE
minimalist_modern,minimalist_modern_Ygbd3Jkj5BE.jpg,JAN Pictures,https://unsplash.com/@janpictures,minimalist wedding,Ygbd3Jkj5BE
minimalist_modern,minimalist_modern_AuZp_2LGSCs.jpg,Micah & Sammie Chaffin,https://unsplash.com/@micahandsammiechaffin,minimalist wedding,AuZp_2LGSCs
minimalist_modern,minimalist_modern_DgiiWWp8QLg.jpg,Erick Matahine,https://unsplash.com/@erick_matahine,minimalist wedding,DgiiWWp8QLg
minimalist_modern,minimalist_modern_cIDdZYoSeJ4.jpg,JAN Pictures,https://unsplash.com/@janpictures,minimalist wedding,cIDdZYoSeJ4
minimalist_modern,minimalist_modern_R3I0suktDrM.jpg,Micah & Sammie Chaffin,https://unsplash.com/@micahandsammiechaffin,minimalist wedding,R3I0suktDrM
minimalist_modern,minimalist_modern_qG2yK_iNspE.jpg,fabio guntur,https://unsplash.com/@fabiobiirahmananta,modern wedding decor,qG2yK_iNspE
minimalist_modern,minimalist_modern_9VNiKIWDWs0.jpg,Max Titov,https://unsplash.com/@fearvi,modern wedding decor,9VNiKIWDWs0
minimalist_modern,minimalist_modern_0ci9am-l-Dk.jpg,Vaibhav Nagare,https://unsplash.com/@vaibhavnagare,modern wedding decor,0ci9am-l-Dk
minimalist_modern,minimalist_modern_ZpNBwBR38fA.jpg,Brunxs,https://unsplash.com/@brunxs,modern wedding decor,ZpNBwBR38fA
minimalist_modern,minimalist_modern_CFB4YIkz_lY.jpg,Vishnu Prasad,https://unsplash.com/@sir_vp,modern wedding decor,CFB4YIkz_lY
minimalist_modern,minimalist_modern_iZit-SCQAdA.jpg,Wedding Dreamz,https://unsplash.com/@wedding_dreamz,modern wedding decor,iZit-SCQAdA
minimalist_modern,minimalist_modern_qvJR_ltGyhk.jpg,Wedding Dreamz,https://unsplash.com/@wedding_dreamz,modern wedding decor,qvJR_ltGyhk
minimalist_modern,minimalist_modern_qz2U7LwQTiQ.jpg,Jonathan Borba,https://unsplash.com/@jonathanborba,modern wedding decor,qz2U7LwQTiQ
minimalist_modern,minimalist_modern_i4XQ0NBCWzU.jpg,David Kristianto,https://unsplash.com/@davidkristianto,modern wedding decor,i4XQ0NBCWzU
minimalist_modern,minimalist_modern_kYvb4IP11os.jpg,Chau Phung,https://unsplash.com/@chaunhan9707,modern wedding decor,kYvb4IP11os
minimalist_modern,minimalist_modern_yytoQWo_hlg.jpg,Jonathan Borba,https://unsplash.com/@jonathanborba,modern wedding decor,yytoQWo_hlg
minimalist_modern,minimalist_modern_4FGhD_iGuqg.jpg,Ridham Supriyanto,https://unsplash.com/@ridhamsupriyanto,modern wedding decor,4FGhD_iGuqg
minimalist_modern,minimalist_modern_UjMaT9fYvFA.jpg,Road Ahead,https://unsplash.com/@roadahead_2223,modern wedding decor,UjMaT9fYvFA
minimalist_modern,minimalist_modern_fqv5VIifh7k.jpg,Green Yang,https://unsplash.com/@greenyang10,modern wedding decor,fqv5VIifh7k
minimalist_modern,minimalist_modern_PBmBDV_blVI.jpg,Jonathan Borba,https://unsplash.com/@jonathanborba,modern wedding decor,PBmBDV_blVI
minimalist_modern,minimalist_modern_OlJMRsKbtxk.jpg,Road Ahead,https://unsplash.com/@roadahead_2223,modern wedding decor,OlJMRsKbtxk
minimalist_modern,minimalist_modern_8hofuEk4vf8.jpg,Annie Spratt,https://unsplash.com/@anniespratt,modern wedding decor,8hofuEk4vf8
minimalist_modern,minimalist_modern_YvbGuitURjQ.jpg,Pablo Lancaster Jones,https://unsplash.com/@fotolancaster,modern wedding decor,YvbGuitURjQ
minimalist_modern,minimalist_modern_evTSphplhVY.jpg,Ridham Supriyanto,https://unsplash.com/@ridhamsupriyanto,modern wedding decor,evTSphplhVY
minimalist_modern,minimalist_modern_schU2fhDD9I.jpg,Erik Mclean,https://unsplash.com/@introspectivedsgn,modern wedding decor,schU2fhDD9I
minimalist_modern,minimalist_modern_vA7c_aEqKnk.jpg,Anubhav Event Productions,https://unsplash.com/@anubhaveventproductions,modern wedding decor,vA7c_aEqKnk
minimalist_modern,minimalist_modern_CF1Z52VySnw.jpg,Mindy Oyeadeyie,https://unsplash.com/@oyeadeyie_1,modern wedding decor,CF1Z52VySnw
minimalist_modern,minimalist_modern_cxWdRLpEWPk.jpg,Nazhat Afza,https://unsplash.com/@nzr_,modern wedding decor,cxWdRLpEWPk
minimalist_modern,minimalist_modern_XGeKyTG6U6A.jpg,Vidit Goswami,https://unsplash.com/@viditgoswami,modern wedding decor,XGeKyTG6U6A
minimalist_modern,minimalist_modern_bG--2ljgQ_k.jpg,akhmad jazuli,https://unsplash.com/@djazz356,modern wedding decor,bG--2ljgQ_k
minimalist_modern,minimalist_modern_SQitm8We48E.jpg,Jonathan Borba,https://unsplash.com/@jonathanborba,modern wedding decor,SQitm8We48E
minimalist_modern,minimalist_modern_IySZnZ04BO0.jpg,KAi'S PHOTOGRAPHY,https://unsplash.com/@kaigabriel42,modern wedding decor,IySZnZ04BO0
minimalist_modern,minimalist_modern_ll95fiFbF3M.jpg,the gold star Events,https://unsplash.com/@thegoldstarevents,modern wedding decor,ll95fiFbF3M
minimalist_modern,minimalist_modern_J1DVemj5emE.jpg,Declan Sun,https://unsplash.com/@declansun,modern wedding decor,J1DVemj5emE
minimalist_modern,minimalist_modern_r8u6VzviJtg.jpg,Zane Persaud,https://unsplash.com/@zapsizzle,geometric wedding arch,r8u6VzviJtg
minimalist_modern,minimalist_modern_TA57f18qh_0.jpg,Adhitya Sibikumar,https://unsplash.com/@adhitya_2505,geometric wedding arch,TA57f18qh_0
minimalist_modern,minimalist_modern_DzM0e-Dwois.jpg,Masood Aslami,https://unsplash.com/@masoodaslami,geometric wedding arch,DzM0e-Dwois
minimalist_modern,minimalist_modern_pHYAC4tFdmQ.jpg,Jessica Johnston,https://unsplash.com/@jdjohnston,geometric wedding arch,pHYAC4tFdmQ
minimalist_modern,minimalist_modern_6KJPT9sr_io.jpg,炫铭,https://unsplash.com/@xuanming,geometric wedding arch,6KJPT9sr_io
minimalist_modern,minimalist_modern_vfszpC81ELk.jpg,Javier González Fotógrafo,https://unsplash.com/@livingcolortj,geometric wedding arch,vfszpC81ELk
minimalist_modern,minimalist_modern_xFMKzXFxosk.jpg,akhmad jazuli,https://unsplash.com/@djazz356,geometric wedding arch,xFMKzXFxosk
minimalist_modern,minimalist_modern_cTv0A3Zwcm4.jpg,Ash Edmonds,https://unsplash.com/@badashphotos,geometric wedding arch,cTv0A3Zwcm4
minimalist_modern,minimalist_modern_oylUGPDROzo.jpg,Natali Hordiiuk,https://unsplash.com/@whynotnatali,geometric wedding arch,oylUGPDROzo
minimalist_modern,minimalist_modern_icUIdI5QRC8.jpg,Michael Twiss Jr,https://unsplash.com/@twister_ya_diggg,geometric wedding arch,icUIdI5QRC8
minimalist_modern,minimalist_modern_o58dMz3Q4V0.jpg,Lauren Mitchell,https://unsplash.com/@laurenjean,geometric wedding arch,o58dMz3Q4V0
minimalist_modern,minimalist_modern_LTY6ZXRWRFw.jpg,人约黄昏后,https://unsplash.com/@skyangel79,geometric wedding arch,LTY6ZXRWRFw
minimalist_modern,minimalist_modern_1pQ0hss7AJU.jpg,David Goldman,https://unsplash.com/@davidjessephoto,geometric wedding arch,1pQ0hss7AJU
minimalist_modern,minimalist_modern_4uY92gU_73U.jpg,Troy Olson,https://unsplash.com/@city2forest,geometric wedding arch,4uY92gU_73U
minimalist_modern,minimalist_modern_OENBWLl4Y3Q.jpg,David Goldman,https://unsplash.com/@davidjessephoto,geometric wedding arch,OENBWLl4Y3Q
minimalist_modern,minimalist_modern_x40Q9jrEVT0.jpg,Samantha Gades,https://unsplash.com/@srosinger3997,geometric wedding arch,x40Q9jrEVT0
minimalist_modern,minimalist_modern_0UFg3dkJVCU.jpg,Khrystyna Shevtsiv,https://unsplash.com/@chriswind,geometric wedding arch,0UFg3dkJVCU
minimalist_modern,minimalist_modern_6n4s64FOZiU.jpg,Taylor Heery,https://unsplash.com/@taylorheeryphoto,geometric wedding arch,6n4s64FOZiU
minimalist_modern,minimalist_modern_kdlfXY9rvZA.jpg,David Goldman,https://unsplash.com/@davidjessephoto,geometric wedding arch,kdlfXY9rvZA
minimalist_modern,minimalist_modern_HXX0I7LWTzs.jpg,Aliburhan S,https://unsplash.com/@aliburhan,geometric wedding arch,HXX0I7LWTzs
minimalist_modern,minimalist_modern_-gRrRHIEsnc.jpg,Владимир Поляков,https://unsplash.com/@vladimirgorny,geometric wedding arch,-gRrRHIEsnc
minimalist_modern,minimalist_modern_hTsk6ojyOfU.jpg,Diane,https://unsplash.com/@diane_luv,geometric wedding arch,hTsk6ojyOfU
minimalist_modern,minimalist_modern_GjUB09TkySA.jpg,inma santiago,https://unsplash.com/@inmasantiago,geometric wedding arch,GjUB09TkySA
minimalist_modern,minimalist_modern_NI1TPfHD5Kg.jpg,CHUTTERSNAP,https://unsplash.com/@chuttersnap,geometric wedding arch,NI1TPfHD5Kg
minimalist_modern,minimalist_modern_YBlUmBy8X2Q.jpg,Dori  Drabek,https://unsplash.com/@ddrabek,geometric wedding arch,YBlUmBy8X2Q
minimalist_modern,minimalist_modern_oymYSLcF3gA.jpg,KG dela Pena,https://unsplash.com/@kgdelapena,geometric wedding arch,oymYSLcF3gA
minimalist_modern,minimalist_modern_5HaEdzu1138.jpg,Redd Francisco,https://unsplash.com/@reddfrancisco,geometric wedding arch,5HaEdzu1138
minimalist_modern,minimalist_modern_pqkn1uIS6jY.jpg,Wedding Dreamz,https://unsplash.com/@wedding_dreamz,modern wedding tablescape,pqkn1uIS6jY
minimalist_modern,minimalist_modern_divZsHxB0m4.jpg,kylefromthenorth™️,https://unsplash.com/@kylefrederick10,modern wedding tablescape,divZsHxB0m4
minimalist_modern,minimalist_modern_sXrq4YO8vQA.jpg,Zane Persaud,https://unsplash.com/@zapsizzle,modern wedding tablescape,sXrq4YO8vQA
minimalist_modern,minimalist_modern_uICRbCjNheY.jpg,Filipp Romanovski,https://unsplash.com/@filipp_roman_photography,modern wedding tablescape,uICRbCjNheY
minimalist_modern,minimalist_modern__zH2qqQ1dHA.jpg,Max Letek,https://unsplash.com/@blackprojection,modern wedding tablescape,_zH2qqQ1dHA
minimalist_modern,minimalist_modern_HCUWYG5gCCY.jpg,Fotógrafo Samuel Cruz,https://unsplash.com/@fotografosamuelcruz,modern wedding tablescape,HCUWYG5gCCY
minimalist_modern,minimalist_modern_5e0QQ92_y7E.jpg,Jonathan Borba,https://unsplash.com/@jonathanborba,modern wedding tablescape,5e0QQ92_y7E
minimalist_modern,minimalist_modern_i5rqHVUJfCI.jpg,Jonathan Borba,https://unsplash.com/@jonathanborba,modern wedding tablescape,i5rqHVUJfCI
minimalist_modern,minimalist_modern_m7GoDeEvf1k.jpg,Annie Gray,https://unsplash.com/@anniegray,modern wedding tablescape,m7GoDeEvf1k
minimalist_modern,minimalist_modern_Xso3Dy8aHfQ.jpg,Annie Gray,https://unsplash.com/@anniegray,modern wedding tablescape,Xso3Dy8aHfQ
minimalist_modern,minimalist_modern_NPg5_iVZQ2s.jpg,Tómas Rekstad,https://unsplash.com/@trfotografi,modern wedding tablescape,NPg5_iVZQ2s
minimalist_modern,minimalist_modern_FhMupO_XgF8.jpg,basil f,https://unsplash.com/@biancaj22,modern wedding tablescape,FhMupO_XgF8
minimalist_modern,minimalist_modern_9fopoHO4MUk.jpg,Jennifer Kalenberg,https://unsplash.com/@jkalen71,modern wedding tablescape,9fopoHO4MUk
minimalist_modern,minimalist_modern_mpVnCoRbSgk.jpg,Bailey Alexander,https://unsplash.com/@baileyal3xander,modern wedding tablescape,mpVnCoRbSgk
minimalist_modern,minimalist_modern_xkLtWb6o_aw.jpg,Andreea Avramescu,https://unsplash.com/@minakko,modern wedding tablescape,xkLtWb6o_aw
minimalist_modern,minimalist_modern_tOKbKRcEbP4.jpg,basil f,https://unsplash.com/@biancaj22,modern wedding tablescape,tOKbKRcEbP4
minimalist_modern,minimalist_modern_K8V11ATiOuo.jpg,CHUTTERSNAP,https://unsplash.com/@chuttersnap,modern wedding tablescape,K8V11ATiOuo
minimalist_modern,minimalist_modern_sNSn7BgzVgk.jpg,Diego Lozano,https://unsplash.com/@diegonacho,modern wedding tablescape,sNSn7BgzVgk
minimalist_modern,minimalist_modern_Z8KTxCZVcrs.jpg,Robert Vasquez,https://unsplash.com/@robertvasquez,modern wedding tablescape,Z8KTxCZVcrs
minimalist_modern,minimalist_modern_cmwYu2AA_YI.jpg,Filipp Romanovski,https://unsplash.com/@filipp_roman_photography,modern wedding tablescape,cmwYu2AA_YI
minimalist_modern,minimalist_modern_bgyJhO65UpI.jpg,Max Letek,https://unsplash.com/@blackprojection,modern wedding tablescape,bgyJhO65UpI
minimalist_modern,minimalist_modern_OdI2M2SoAQc.jpg,Manya Sivanandam,https://unsplash.com/@manyasivanandam,modern wedding tablescape,OdI2M2SoAQc
minimalist_modern,minimalist_modern_cfMeDOneXDg.jpg,ISKRA Photography,https://unsplash.com/@iskra_photography,modern wedding tablescape,cfMeDOneXDg
minimalist_modern,minimalist_modern_YB-tCtbBsrE.jpg,Brunxs,https://unsplash.com/@brunxs,modern wedding tablescape,YB-tCtbBsrE
minimalist_modern,minimalist_modern_QKLuFNeuKsA.jpg,Bailey Alexander,https://unsplash.com/@baileyal3xander,modern wedding tablescape,QKLuFNeuKsA
minimalist_modern,minimalist_modern_Y86miAEWX4E.jpg,Tania Mirón,https://unsplash.com/@_xotm,modern wedding tablescape,Y86miAEWX4E
minimalist_modern,minimalist_modern_qvxGsktZjsA.jpg,Jonathan Borba,https://unsplash.com/@jonathanborba,modern wedding tablescape,qvxGsktZjsA
minimalist_modern,minimalist_modern_tOvd20WxuJM.jpg,Jenna Duxbury,https://unsplash.com/@jennaduxburystills,modern wedding tablescape,tOvd20WxuJM
traditional_classic,traditional_classic_ToKSfdmznKg.jpg,Josh Applegate,https://unsplash.com/@joshapplegate,traditional church wedding,ToKSfdmznKg
traditional_classic,traditional_classic_YyvpmN6PB3I.jpg,Jeremy Wong Weddings,https://unsplash.com/@jeremywongweddings,traditional church wedding,YyvpmN6PB3I
traditional_classic,traditional_classic_zyguVcuzeGM.jpg,EIGHTPRESSION,https://unsplash.com/@eightpression,traditional church wedding,zyguVcuzeGM
traditional_classic,traditional_classic_h-Q955luWLI.jpg,Jamie Coupaud,https://unsplash.com/@jlcoupaud,traditional church wedding,h-Q955luWLI
traditional_classic,traditional_classic_SrWVeL5DyNM.jpg,Josh Applegate,https://unsplash.com/@joshapplegate,traditional church wedding,SrWVeL5DyNM
traditional_classic,traditional_classic_coWejNeBFhE.jpg,Wedding Dreamz,https://unsplash.com/@wedding_dreamz,traditional church wedding,coWejNeBFhE
traditional_classic,traditional_classic_vAD5mhU9JUk.jpg,Annie Spratt,https://unsplash.com/@anniespratt,traditional church wedding,vAD5mhU9JUk
traditional_classic,traditional_classic_vw44ZoFAsnM.jpg,Wedding Photography,https://unsplash.com/@wedding_photography,traditional church wedding,vw44ZoFAsnM
traditional_classic,traditional_classic_LCloRyLlyx8.jpg,Virgil Cayasa,https://unsplash.com/@virgilcayasa,traditional church wedding,LCloRyLlyx8
traditional_classic,traditional_classic_fPFoUSKZGts.jpg,David Vilches,https://unsplash.com/@davidvilches,traditional church wedding,fPFoUSKZGts
traditional_classic,traditional_classic_vx3FwpgvU9o.jpg,M G,https://unsplash.com/@garnet_photographer,traditional church wedding,vx3FwpgvU9o
traditional_classic,traditional_classic_GAFpZ63GEYs.jpg,Jovan Vasiljević,https://unsplash.com/@jovanvasiljevic,traditional church wedding,GAFpZ63GEYs
traditional_classic,traditional_classic_tRMt44p9Lgc.jpg,Sam Gibson Wedding Photography,https://unsplash.com/@samgibsonweddings,traditional church wedding,tRMt44p9Lgc
traditional_classic,traditional_classic_tNRqnBb_pFk.jpg,Bernd 📷 Dittrich,https://unsplash.com/@hdbernd,traditional church wedding,tNRqnBb_pFk
traditional_classic,traditional_classic_afqSKANnzm8.jpg,Helen Lord,https://unsplash.com/@helenlord,traditional church wedding,afqSKANnzm8
traditional_classic,traditional_classic__QLdxO63hVk.jpg,Fotógrafo Samuel Cruz,https://unsplash.com/@fotografosamuelcruz,traditional church wedding,_QLdxO63hVk
traditional_classic,traditional_classic_D6ESKYKV_34.jpg,Fotógrafo Samuel Cruz,https://unsplash.com/@fotografosamuelcruz,traditional church wedding,D6ESKYKV_34
traditional_classic,traditional_classic_b2ZoMXuKTeE.jpg,Ken  Whytock,https://unsplash.com/@kenwhytock,traditional church wedding,b2ZoMXuKTeE
traditional_classic,traditional_classic_-MzJNBZAnUk.jpg,Fotógrafo Samuel Cruz,https://unsplash.com/@fotografosamuelcruz,traditional church wedding,-MzJNBZAnUk
traditional_classic,traditional_classic_3UFqNpaiTcI.jpg,Alfonso Scarpa,https://unsplash.com/@lucidistortephoto,traditional church wedding,3UFqNpaiTcI
traditional_classic,traditional_classic_cZBuMNrLMgI.jpg,Alfonso Scarpa,https://unsplash.com/@lucidistortephoto,traditional church wedding,cZBuMNrLMgI
traditional_classic,traditional_classic_aQUXVglyPJg.jpg,Fotógrafo Samuel Cruz,https://unsplash.com/@fotografosamuelcruz,traditional church wedding,aQUXVglyPJg
traditional_classic,traditional_classic_YBvT1QQMdWQ.jpg,Fotógrafo Samuel Cruz,https://unsplash.com/@fotografosamuelcruz,traditional church wedding,YBvT1QQMdWQ
traditional_classic,traditional_classic_CU5OjiqrovM.jpg,Fotógrafo Samuel Cruz,https://unsplash.com/@fotografosamuelcruz,traditional church wedding,CU5OjiqrovM
traditional_classic,traditional_classic_QGzfg40_0L4.jpg,Marius Muresan,https://unsplash.com/@muresan113,traditional church wedding,QGzfg40_0L4
traditional_classic,traditional_classic_p1W4zXJ44ro.jpg,CLINTON MWEBAZE,https://unsplash.com/@clintonmwebaze,traditional church wedding,p1W4zXJ44ro
traditional_classic,traditional_classic_nkLfYlQsGJA.jpg,Fotógrafo Samuel Cruz,https://unsplash.com/@fotografosamuelcruz,traditional church wedding,nkLfYlQsGJA
traditional_classic,traditional_classic_dh1t-Pqvkj0.jpg,Fotógrafo Samuel Cruz,https://unsplash.com/@fotografosamuelcruz,traditional church wedding,dh1t-Pqvkj0
traditional_classic,traditional_classic_h_jU1oN8ZqA.jpg,Fotógrafo Samuel Cruz,https://unsplash.com/@fotografosamuelcruz,traditional church wedding,h_jU1oN8ZqA
traditional_classic,traditional_classic_SoTqFhel3Ng.jpg,Fotógrafo Samuel Cruz,https://unsplash.com/@fotografosamuelcruz,traditional church wedding,SoTqFhel3Ng
traditional_classic,traditional_classic_fJzmPe-a0eU.jpg,Shardayyy Photography,https://unsplash.com/@shardayyy,classic wedding ceremony,fJzmPe-a0eU
traditional_classic,traditional_classic_LvSDR31F_Vc.jpg,Zhouxing Lu,https://unsplash.com/@lorem_ipsuman,classic wedding ceremony,LvSDR31F_Vc
traditional_classic,traditional_classic_IHFGvbBekOk.jpg,Brittney Weng,https://unsplash.com/@brittneyweng,classic wedding ceremony,IHFGvbBekOk
traditional_classic,traditional_classic_D_la-wwcfCs.jpg,GianCarlo Devita Films,https://unsplash.com/@giancarlodevitafilms,classic wedding ceremony,D_la-wwcfCs
traditional_classic,traditional_classic_Kc7b4smOmDk.jpg,Brittney Weng,https://unsplash.com/@brittneyweng,classic wedding ceremony,Kc7b4smOmDk
traditional_classic,traditional_classic_RpUcPmG46vw.jpg,Keenan Barber,https://unsplash.com/@keebarber,classic wedding ceremony,RpUcPmG46vw
traditional_classic,traditional_classic_RJDWzHyh6gE.jpg,Wedding Photography,https://unsplash.com/@wedding_photography,classic wedding ceremony,RJDWzHyh6gE
traditional_classic,traditional_classic_qd7n9KujN9Q.jpg,Brittney Weng,https://unsplash.com/@brittneyweng,classic wedding ceremony,qd7n9KujN9Q
traditional_classic,traditional_classic_wBTJUQikz_I.jpg,Cayton Heath,https://unsplash.com/@cayton,classic wedding ceremony,wBTJUQikz_I
traditional_classic,traditional_classic_EQcRRfDLIts.jpg,Jonathan Borba,https://unsplash.com/@jonathanborba,classic wedding ceremony,EQcRRfDLIts
traditional_classic,traditional_classic_BgkhkIa7MIs.jpg,HACA Wedding,https://unsplash.com/@hacawedding,classic wedding ceremony,BgkhkIa7MIs
traditional_classic,traditional_classic_4lOwFQl5MMA.jpg,Taylor,https://unsplash.com/@vesperglow,classic wedding ceremony,4lOwFQl5MMA
traditional_classic,traditional_classic_eS5pR2pAOMc.jpg,MBA studio,https://unsplash.com/@ndl_11,classic wedding ceremony,eS5pR2pAOMc
traditional_classic,traditional_classic__a4OJrB5Q4A.jpg,Jonathan Borba,https://unsplash.com/@jonathanborba,classic wedding ceremony,_a4OJrB5Q4A
traditional_classic,traditional_classic_TabHHubdkss.jpg,HACA Wedding,https://unsplash.com/@hacawedding,classic wedding ceremony,TabHHubdkss
traditional_classic,traditional_classic_hVnzP4o8LP8.jpg,Fotógrafo Samuel Cruz,https://unsplash.com/@fotografosamuelcruz,classic wedding ceremony,hVnzP4o8LP8
traditional_classic,traditional_classic_z9xL5v27TUY.jpg,HACA Wedding,https://unsplash.com/@hacawedding,classic wedding ceremony,z9xL5v27TUY
traditional_classic,traditional_classic_-uzgQiEaSHI.jpg,HACA Wedding,https://unsplash.com/@hacawedding,classic wedding ceremony,-uzgQiEaSHI
traditional_classic,traditional_classic_TW3iNXyznF4.jpg,Fotógrafo Samuel Cruz,https://unsplash.com/@fotografosamuelcruz,classic wedding ceremony,TW3iNXyznF4
traditional_classic,traditional_classic_aSZtbMnxDtI.jpg,HACA Wedding,https://unsplash.com/@hacawedding,classic wedding ceremony,aSZtbMnxDtI
traditional_classic,traditional_classic_FAatPdd1Iyw.jpg,Fotógrafo Samuel Cruz,https://unsplash.com/@fotografosamuelcruz,classic wedding ceremony,FAatPdd1Iyw
traditional_classic,traditional_classic_YqBXttlJ5zg.jpg,HACA Wedding,https://unsplash.com/@hacawedding,classic wedding ceremony,YqBXttlJ5zg
traditional_classic,traditional_classic_Wg3qCjqABvs.jpg,Simply thrilled,https://unsplash.com/@simplythrilled_,classic wedding ceremony,Wg3qCjqABvs
traditional_classic,traditional_classic_Awa7bLoX-14.jpg,Fotógrafo Samuel Cruz,https://unsplash.com/@fotografosamuelcruz,classic wedding ceremony,Awa7bLoX-14
traditional_classic,traditional_classic_xJpdywyn9eY.jpg,Michael Fousert,https://unsplash.com/@michaelfousert,classic wedding ceremony,xJpdywyn9eY
traditional_classic,traditional_classic_XJUwSlD1mDw.jpg,Marius Muresan,https://unsplash.com/@muresan113,classic wedding ceremony,XJUwSlD1mDw
traditional_classic,traditional_classic_PO56PwADoFU.jpg,Thomas Beaman,https://unsplash.com/@paunveiled,elegant wedding ivory decor,PO56PwADoFU
traditional_classic,traditional_classic_4k9S6O6pZJg.jpg,Denio Rodríguez,https://unsplash.com/@deniosrphoto,elegant wedding ivory decor,4k9S6O6pZJg
traditional_classic,traditional_classic_Yzqm8ZYsxEY.jpg,Francesco Liotti,https://unsplash.com/@francesco_liotti,elegant wedding ivory decor,Yzqm8ZYsxEY
traditional_classic,traditional_classic_uJBIlapNC3k.jpg,Babak Eshaghian,https://unsplash.com/@babak22ir,elegant wedding ivory decor,uJBIlapNC3k
traditional_classic,traditional_classic_xljm2_tNSw0.jpg,Arturo Añez,https://unsplash.com/@americanaez225,elegant wedding ivory decor,xljm2_tNSw0
traditional_classic,traditional_classic_ll95fiFbF3M.jpg,the gold star Events,https://unsplash.com/@thegoldstarevents,elegant wedding ivory decor,ll95fiFbF3M
traditional_classic,traditional_classic_umsx8Fqxq1E.jpg,Denio Rodríguez,https://unsplash.com/@deniosrphoto,elegant wedding ivory decor,umsx8Fqxq1E
traditional_classic,traditional_classic_5v3VGccgxUE.jpg,Arturo Añez,https://unsplash.com/@americanaez225,elegant wedding ivory decor,5v3VGccgxUE
traditional_classic,traditional_classic_L56JtZ4HgBk.jpg,akhmad jazuli,https://unsplash.com/@djazz356,elegant wedding ivory decor,L56JtZ4HgBk
traditional_classic,traditional_classic_UsTcHwFDjkI.jpg,Jonathan Borba,https://unsplash.com/@jonathanborba,elegant wedding ivory decor,UsTcHwFDjkI
traditional_classic,traditional_classic_1hM11QmGLys.jpg,Denio Rodríguez,https://unsplash.com/@deniosrphoto,elegant wedding ivory decor,1hM11QmGLys
traditional_classic,traditional_classic_7lKnIJO6C7U.jpg,Muhammad Qayyum Abdul Rahman,https://unsplash.com/@qayyum_03,elegant wedding ivory decor,7lKnIJO6C7U
traditional_classic,traditional_classic_J6jJIxRS5h8.jpg,Masood Aslami,https://unsplash.com/@masoodaslami,elegant wedding ivory decor,J6jJIxRS5h8
traditional_classic,traditional_classic_qz2U7LwQTiQ.jpg,Jonathan Borba,https://unsplash.com/@jonathanborba,elegant wedding ivory decor,qz2U7LwQTiQ
traditional_classic,traditional_classic_LR9JOZ8kpy4.jpg,Jeanie de Klerk,https://unsplash.com/@jdk4lyfe,elegant wedding ivory decor,LR9JOZ8kpy4
traditional_classic,traditional_classic_65mh04qlcBU.jpg,Simply thrilled,https://unsplash.com/@simplythrilled_,elegant wedding ivory decor,65mh04qlcBU
traditional_classic,traditional_classic_cWWuX8wCKdA.jpg,Lucas T Photography,https://unsplash.com/@lucastphotography,elegant wedding ivory decor,cWWuX8wCKdA
traditional_classic,traditional_classic_QbWz0FHaynA.jpg,Paola Andrea,https://unsplash.com/@paola_andrea,elegant wedding ivory decor,QbWz0FHaynA
traditional_classic,traditional_classic_6kpqjOqfa0o.jpg,P Guan,https://unsplash.com/@pguan,elegant wedding ivory decor,6kpqjOqfa0o
traditional_classic,traditional_classic_-M8AW06Ku08.jpg,Jimmy Blackwell,https://unsplash.com/@jimmyjimmy60,elegant wedding ivory decor,-M8AW06Ku08
traditional_classic,traditional_classic_We6mP6sRZdE.jpg,Denio Rodríguez,https://unsplash.com/@deniosrphoto,elegant wedding ivory decor,We6mP6sRZdE
traditional_classic,traditional_classic_HoPS-F5WL8k.jpg,akhmad jazuli,https://unsplash.com/@djazz356,elegant wedding ivory decor,HoPS-F5WL8k
traditional_classic,traditional_classic_ioo5CPKe1LQ.jpg,HACA Wedding,https://unsplash.com/@hacawedding,elegant wedding ivory decor,ioo5CPKe1LQ
traditional_classic,traditional_classic_SQitm8We48E.jpg,Jonathan Borba,https://unsplash.com/@jonathanborba,elegant wedding ivory decor,SQitm8We48E
traditional_classic,traditional_classic_LOWb7CJEYXA.jpg,Jonathan Borba,https://unsplash.com/@jonathanborba,elegant wedding ivory decor,LOWb7CJEYXA
traditional_classic,traditional_classic_EoP72JhPfKw.jpg,Simply thrilled,https://unsplash.com/@simplythrilled_,elegant wedding ivory decor,EoP72JhPfKw
traditional_classic,traditional_classic_2wqt0OnAbQ8.jpg,Sharif Islam,https://unsplash.com/@sharif__islam,elegant wedding ivory decor,2wqt0OnAbQ8
traditional_classic,traditional_classic_WS8VRDllgn4.jpg,Jonathan Borba,https://unsplash.com/@jonathanborba,elegant wedding ivory decor,WS8VRDllgn4
traditional_classic,traditional_classic_VUBBtGhDaCY.jpg,Peter Burdon,https://unsplash.com/@peterburdon,elegant wedding ivory decor,VUBBtGhDaCY
traditional_classic,traditional_classic_8LllFAUXT2s.jpg,mcpeter,https://unsplash.com/@thisismcpeter,elegant wedding ivory decor,8LllFAUXT2s
boho_chic,boho_chic_ZOeroPEaDME.jpg,David Goldman,https://unsplash.com/@davidjessephoto,boho wedding,ZOeroPEaDME
boho_chic,boho_chic_5S_23nYAOZM.jpg,Caroline Hernandez,https://unsplash.com/@carolinehdz,boho wedding,5S_23nYAOZM
boho_chic,boho_chic_nsHFk_W2KnU.jpg,Wedding Dreamz,https://unsplash.com/@wedding_dreamz,boho wedding,nsHFk_W2KnU
boho_chic,boho_chic_JugQdLs2wvo.jpg,Dmitry Mashkin,https://unsplash.com/@artcoastdesign,boho wedding,JugQdLs2wvo
boho_chic,boho_chic_YCiG4h5_yF4.jpg,Chris Haws,https://unsplash.com/@therook,boho wedding,YCiG4h5_yF4
boho_chic,boho_chic_S6OvsSwm5sE.jpg,Kadarius Seegars,https://unsplash.com/@kseegars,boho wedding,S6OvsSwm5sE
boho_chic,boho_chic_exOn96UaLfI.jpg,Kadarius Seegars,https://unsplash.com/@kseegars,boho wedding,exOn96UaLfI
boho_chic,boho_chic_l3F0UeAZSKM.jpg,Wedding Dreamz,https://unsplash.com/@wedding_dreamz,boho wedding,l3F0UeAZSKM
boho_chic,boho_chic_5wJTegfytus.jpg,Anton Mislawsky,https://unsplash.com/@antonmislawsky,boho wedding,5wJTegfytus
boho_chic,boho_chic_T3EzSfky_54.jpg,d i e g o Authentic,https://unsplash.com/@diegoarqi,boho wedding,T3EzSfky_54
boho_chic,boho_chic_IoyJYLkB100.jpg,Oksana Zub,https://unsplash.com/@oxanamiles,boho wedding,IoyJYLkB100
boho_chic,boho_chic_pSKjn14XOgA.jpg,Gemali Martinez,https://unsplash.com/@gemasphotography,boho wedding,pSKjn14XOgA
boho_chic,boho_chic_XWgyM6Rg21M.jpg,Micah & Sammie Chaffin,https://unsplash.com/@micahandsammiechaffin,boho wedding,XWgyM6Rg21M
boho_chic,boho_chic_v6Qg3jgsA-U.jpg,Artsy Vibes,https://unsplash.com/@artsyvibes,boho wedding,v6Qg3jgsA-U
boho_chic,boho_chic_Ut7LVNAvjvQ.jpg,Jessica Yap,https://unsplash.com/@jcyapsf,boho wedding,Ut7LVNAvjvQ
boho_chic,boho_chic_MwRWGE17Bto.jpg,Micah & Sammie Chaffin,https://unsplash.com/@micahandsammiechaffin,boho wedding,MwRWGE17Bto
boho_chic,boho_chic_fiDG6b6GwlM.jpg,Micah & Sammie Chaffin,https://unsplash.com/@micahandsammiechaffin,boho wedding,fiDG6b6GwlM
boho_chic,boho_chic_KSOzeOzKTYA.jpg,Katerina May,https://unsplash.com/@kat_vagary,boho wedding,KSOzeOzKTYA
boho_chic,boho_chic_JNIjtvdW1jI.jpg,Caroline Hernandez,https://unsplash.com/@carolinehdz,boho wedding,JNIjtvdW1jI
boho_chic,boho_chic_uNft6AwPHyk.jpg,Wedding Dreamz,https://unsplash.com/@wedding_dreamz,boho wedding,uNft6AwPHyk
boho_chic,boho_chic_0M7E5gqh07U.jpg,Kawê Rodrigues,https://unsplash.com/@kawerodriguess,boho wedding,0M7E5gqh07U
boho_chic,boho_chic_PzGtBiozq3w.jpg,Kawê Rodrigues,https://unsplash.com/@kawerodriguess,boho wedding,PzGtBiozq3w
boho_chic,boho_chic_td8c2M2ovqk.jpg,Micah & Sammie Chaffin,https://unsplash.com/@micahandsammiechaffin,boho wedding,td8c2M2ovqk
boho_chic,boho_chic_yui6IgXuMxA.jpg,Kawê Rodrigues,https://unsplash.com/@kawerodriguess,boho wedding,yui6IgXuMxA
boho_chic,boho_chic_jUKtqD9_CK4.jpg,Kawê Rodrigues,https://unsplash.com/@kawerodriguess,boho wedding,jUKtqD9_CK4
boho_chic,boho_chic_1W_bhSV3aek.jpg,Kawê Rodrigues,https://unsplash.com/@kawerodriguess,boho wedding,1W_bhSV3aek
boho_chic,boho_chic_mo-jtlLJAmc.jpg,Kawê Rodrigues,https://unsplash.com/@kawerodriguess,boho wedding,mo-jtlLJAmc
boho_chic,boho_chic_9fyZJqU1QNg.jpg,Micah & Sammie Chaffin,https://unsplash.com/@micahandsammiechaffin,boho wedding,9fyZJqU1QNg
boho_chic,boho_chic_RndvLSdO6vE.jpg,Katerina May,https://unsplash.com/@kat_vagary,boho wedding,RndvLSdO6vE
boho_chic,boho_chic_lEfkF5xt73Q.jpg,Wedding Dreamz,https://unsplash.com/@wedding_dreamz,boho wedding,lEfkF5xt73Q
boho_chic,boho_chic_vPADVQRzO_g.jpg,Micah & Sammie Chaffin,https://unsplash.com/@micahandsammiechaffin,boho wedding,vPADVQRzO_g
boho_chic,boho_chic_Daonsb-GSUM.jpg,Oksana Berko,https://unsplash.com/@catchthedream_art,boho wedding,Daonsb-GSUM
boho_chic,boho_chic_x-a6jIlbzC8.jpg,Micah & Sammie Chaffin,https://unsplash.com/@micahandsammiechaffin,boho wedding,x-a6jIlbzC8
boho_chic,boho_chic_XsriYQ1oowc.jpg,Wedding Dreamz,https://unsplash.com/@wedding_dreamz,boho wedding,XsriYQ1oowc
boho_chic,boho_chic_M_hvStHEbio.jpg,Micah & Sammie Chaffin,https://unsplash.com/@micahandsammiechaffin,boho wedding,M_hvStHEbio
boho_chic,boho_chic_yAVECykTbVI.jpg,Oksana Berko,https://unsplash.com/@catchthedream_art,boho wedding,yAVECykTbVI
boho_chic,boho_chic_CIU46lMnF8g.jpg,Camille Brodard,https://unsplash.com/@kmile_ch,boho wedding,CIU46lMnF8g
boho_chic,boho_chic_H81VozEfgyY.jpg,Micah & Sammie Chaffin,https://unsplash.com/@micahandsammiechaffin,boho wedding,H81VozEfgyY
boho_chic,boho_chic_5iRaOHmOhGk.jpg,Micah & Sammie Chaffin,https://unsplash.com/@micahandsammiechaffin,boho wedding,5iRaOHmOhGk
boho_chic,boho_chic_wPoydPieDUI.jpg,David Goldman,https://unsplash.com/@davidjessephoto,boho wedding,wPoydPieDUI
boho_chic,boho_chic_sIQUKcL51_k.jpg,S O C I A L . C U T,https://unsplash.com/@socialcut,boho wedding,sIQUKcL51_k
boho_chic,boho_chic_Ec6alSnK2Ws.jpg,Lauren Mitchell,https://unsplash.com/@laurenjean,boho wedding,Ec6alSnK2Ws
boho_chic,boho_chic_u4wTybw7Qog.jpg,Lauren Mitchell,https://unsplash.com/@laurenjean,boho wedding,u4wTybw7Qog
boho_chic,boho_chic_ngvTHYRB6AM.jpg,Lauren Mitchell,https://unsplash.com/@laurenjean,boho wedding,ngvTHYRB6AM
boho_chic,boho_chic_WVwFPQpMOL0.jpg,Vanessa,https://unsplash.com/@the_heaven_girl,boho wedding,WVwFPQpMOL0
boho_chic,boho_chic_xeVO-aHgbRA.jpg,Lauren Mitchell,https://unsplash.com/@laurenjean,boho wedding,xeVO-aHgbRA
boho_chic,boho_chic_PZHWawyDe9c.jpg,Devon Divine,https://unsplash.com/@lightrisephoto,boho wedding,PZHWawyDe9c
boho_chic,boho_chic_hf_7rp6hOhc.jpg,Lauren Mitchell,https://unsplash.com/@laurenjean,boho wedding,hf_7rp6hOhc
boho_chic,boho_chic_thkwDqb94hE.jpg,Dallas Rogers,https://unsplash.com/@dalspictures,boho wedding,thkwDqb94hE
boho_chic,boho_chic_pqcw351eV_U.jpg,Jonathan Borba,https://unsplash.com/@jonathanborba,boho wedding,pqcw351eV_U
boho_chic,boho_chic_ILaRPrqovI0.jpg,Priscilla Du Preez 🇨🇦,https://unsplash.com/@priscilladupreez,boho wedding,ILaRPrqovI0
boho_chic,boho_chic_3BHs9JAahz4.jpg,Sinitta Leunen,https://unsplash.com/@sinileunen,boho wedding,3BHs9JAahz4
boho_chic,boho_chic_C1jhMnfOtSI.jpg,Lauren Mitchell,https://unsplash.com/@laurenjean,boho wedding,C1jhMnfOtSI
boho_chic,boho_chic_T4vtjgsG4Z4.jpg,Taylor Gray,https://unsplash.com/@captured_photography,boho wedding,T4vtjgsG4Z4
boho_chic,boho_chic_hYXMwqSCO5Q.jpg,Lauren Mitchell,https://unsplash.com/@laurenjean,boho wedding,hYXMwqSCO5Q
boho_chic,boho_chic_6cbuCeVeL5k.jpg,lucas mendes,https://unsplash.com/@lucasmendesph,boho wedding,6cbuCeVeL5k
boho_chic,boho_chic_fJGFKnNXXvw.jpg,Priscilla Du Preez 🇨🇦,https://unsplash.com/@priscilladupreez,boho wedding,fJGFKnNXXvw
boho_chic,boho_chic_FzJh0SLMo88.jpg,Lauren Mitchell,https://unsplash.com/@laurenjean,boho wedding,FzJh0SLMo88
boho_chic,boho_chic_m-CvWC6aI1g.jpg,Becca Tapert,https://unsplash.com/@beccatapert,boho wedding,m-CvWC6aI1g
boho_chic,boho_chic_0UkL1ItAFjA.jpg,Lauren Mitchell,https://unsplash.com/@laurenjean,boho wedding,0UkL1ItAFjA
boho_chic,boho_chic_KUMIac7iEyQ.jpg,Lauren Mitchell,https://unsplash.com/@laurenjean,boho wedding,KUMIac7iEyQ
boho_chic,boho_chic_Oc38EnNRamE.jpg,Lauren Mitchell,https://unsplash.com/@laurenjean,boho wedding,Oc38EnNRamE
boho_chic,boho_chic_OOstNNSR6Wg.jpg,Priscilla Du Preez 🇨🇦,https://unsplash.com/@priscilladupreez,boho wedding,OOstNNSR6Wg
boho_chic,boho_chic_P19lfWE98fQ.jpg,Lauren Mitchell,https://unsplash.com/@laurenjean,boho wedding,P19lfWE98fQ
boho_chic,boho_chic_XZYEfNDFufA.jpg,Josue Michel,https://unsplash.com/@josuemichelphotography,boho wedding,XZYEfNDFufA
boho_chic,boho_chic_Hce9BFN9jYI.jpg,Jasmin Ne,https://unsplash.com/@jasminnb,boho wedding,Hce9BFN9jYI
boho_chic,boho_chic_yP07_oR5xis.jpg,Taylor Harding,https://unsplash.com/@taylorjamesphotos,boho wedding,yP07_oR5xis
boho_chic,boho_chic_DyDdVwmk3F0.jpg,lo lindo,https://unsplash.com/@lolindo,boho wedding,DyDdVwmk3F0
boho_chic,boho_chic_Az3HGPxQL6w.jpg,Ashley Smith,https://unsplash.com/@a_n_smith,boho wedding,Az3HGPxQL6w
boho_chic,boho_chic_NF-xAZKRoMU.jpg,Lauren Mitchell,https://unsplash.com/@laurenjean,boho wedding,NF-xAZKRoMU
boho_chic,boho_chic_qz7K_tpXq_s.jpg,David Goldman,https://unsplash.com/@davidjessephoto,boho wedding,qz7K_tpXq_s
boho_chic,boho_chic_pFbJuxSwuhI.jpg,adrianna geo,https://unsplash.com/@adrigeo_,boho wedding,pFbJuxSwuhI
boho_chic,boho_chic_RsD3sR_mWGY.jpg,Lauren Mitchell,https://unsplash.com/@laurenjean,boho wedding,RsD3sR_mWGY
boho_chic,boho_chic_x99dkBGreO4.jpg,Jocelyn Allen,https://unsplash.com/@jocallen,boho wedding,x99dkBGreO4
boho_chic,boho_chic_X9DCHscGbLQ.jpg,Vanessa,https://unsplash.com/@the_heaven_girl,boho wedding,X9DCHscGbLQ
boho_chic,boho_chic_9EsNdSvt_JA.jpg,Jonathan Borba,https://unsplash.com/@jonathanborba,boho wedding,9EsNdSvt_JA
boho_chic,boho_chic_S-9Rmd8J9vo.jpg,Lauren Mitchell,https://unsplash.com/@laurenjean,boho wedding,S-9Rmd8J9vo
boho_chic,boho_chic_Kd7b0B-ONn8.jpg,Jonathan Borba,https://unsplash.com/@jonathanborba,boho wedding,Kd7b0B-ONn8
boho_chic,boho_chic_N4WrcxELyRA.jpg,lucas mendes,https://unsplash.com/@lucasmendesph,boho wedding,N4WrcxELyRA
boho_chic,boho_chic_Vu8hb0kW3HM.jpg,Ali Choubin,https://unsplash.com/@alichoubin,boho wedding,Vu8hb0kW3HM
boho_chic,boho_chic_pt_AzXNkum8.jpg,Taylor Harding,https://unsplash.com/@taylorjamesphotos,boho wedding,pt_AzXNkum8
boho_chic,boho_chic_Gbn2TE1roVw.jpg,Wedding Photography,https://unsplash.com/@wedding_photography,boho wedding,Gbn2TE1roVw
boho_chic,boho_chic_s7WSc0D6An8.jpg,Josue Michel,https://unsplash.com/@josuemichelphotography,boho wedding,s7WSc0D6An8
boho_chic,boho_chic_PZHXowf5G8Y.jpg,Emod,https://unsplash.com/@somedayfat,boho wedding,PZHXowf5G8Y
boho_chic,boho_chic_ifdH0tblu9w.jpg,Benjamin DeYoung,https://unsplash.com/@benjamin_deyoung,boho wedding,ifdH0tblu9w
boho_chic,boho_chic_PP5vWVbRYF4.jpg,Mihail Tregubov,https://unsplash.com/@tregubov,boho wedding,PP5vWVbRYF4
boho_chic,boho_chic_hBgRuCthk2w.jpg,Micah & Sammie Chaffin,https://unsplash.com/@micahandsammiechaffin,boho wedding,hBgRuCthk2w
boho_chic,boho_chic_lLa7cbP-rFw.jpg,Didi Paul,https://unsplash.com/@didipaul,boho wedding,lLa7cbP-rFw
boho_chic,boho_chic_p8_uKKpla2A.jpg,Lauren Mitchell,https://unsplash.com/@laurenjean,boho wedding,p8_uKKpla2A
boho_chic,boho_chic_5VhJiX3CVy0.jpg,Brooke Balentine,https://unsplash.com/@brookebalentine,boho wedding,5VhJiX3CVy0
boho_chic,boho_chic_YsTrevaOoqU.jpg,David Goldman,https://unsplash.com/@davidjessephoto,boho wedding,YsTrevaOoqU
boho_chic,boho_chic_ySbt6ChmGtw.jpg,Mike Jumapao,https://unsplash.com/@gspot0822,boho wedding,ySbt6ChmGtw
boho_chic,boho_chic_xT3AFHk8e-U.jpg,Jonathan Borba,https://unsplash.com/@jonathanborba,boho wedding,xT3AFHk8e-U
boho_chic,boho_chic_p-38_f-WZkw.jpg,Jonathan Borba,https://unsplash.com/@jonathanborba,boho wedding,p-38_f-WZkw
boho_chic,boho_chic__OxnxdwUvWo.jpg,Jonathan Borba,https://unsplash.com/@jonathanborba,boho wedding,_OxnxdwUvWo
boho_chic,boho_chic_Oj29dFZIUCQ.jpg,Wedding Dreamz,https://unsplash.com/@wedding_dreamz,boho wedding,Oj29dFZIUCQ
boho_chic,boho_chic_ZmfPCku1qYY.jpg,Redd Francisco,https://unsplash.com/@reddfrancisco,boho wedding,ZmfPCku1qYY
boho_chic,boho_chic_RjFasCv0tuo.jpg,Lauren Mitchell,https://unsplash.com/@laurenjean,boho wedding,RjFasCv0tuo
boho_chic,boho_chic_7HBNVyEuLkk.jpg,Vitor Monthay,https://unsplash.com/@vitormonthay,boho wedding,7HBNVyEuLkk
boho_chic,boho_chic_Yy-s9vobpq0.jpg,Jvn Mangyao,https://unsplash.com/@jun03man,boho wedding,Yy-s9vobpq0
boho_chic,boho_chic_cJKDbZ2U6gc.jpg,Lauren Mitchell,https://unsplash.com/@laurenjean,boho wedding,cJKDbZ2U6gc
boho_chic,boho_chic_TvBRTr3C5-8.jpg,Adam Cavanagh,https://unsplash.com/@cavanagh,boho wedding,TvBRTr3C5-8
boho_chic,boho_chic_SZKHbJWNinQ.jpg,zelle duda,https://unsplash.com/@zelleduda,boho wedding,SZKHbJWNinQ
boho_chic,boho_chic_EJdXJpKi1YY.jpg,David Goldman,https://unsplash.com/@davidjessephoto,boho wedding,EJdXJpKi1YY
boho_chic,boho_chic_KNdfNrtchjg.jpg,Marcis Berzins,https://unsplash.com/@marcisberzinsx,boho wedding,KNdfNrtchjg
boho_chic,boho_chic_HqlQmPO6Ns0.jpg,Wedding Dreamz,https://unsplash.com/@wedding_dreamz,boho wedding,HqlQmPO6Ns0
boho_chic,boho_chic_HN_9ZzDhIGw.jpg,Noelle Rebekah,https://unsplash.com/@noellerebekah,boho wedding,HN_9ZzDhIGw
boho_chic,boho_chic_M8AP8ygy0DM.jpg,Priscilla Du Preez 🇨🇦,https://unsplash.com/@priscilladupreez,boho wedding,M8AP8ygy0DM
boho_chic,boho_chic_yN06Rqwf_E4.jpg,Vitor Monthay,https://unsplash.com/@vitormonthay,boho wedding,yN06Rqwf_E4
boho_chic,boho_chic_HS3jItUZf_c.jpg,Vladyslav Tobolenko,https://unsplash.com/@tobolenkoph,boho wedding,HS3jItUZf_c
boho_chic,boho_chic_S5YLvY4lA3Y.jpg,Andres Molina,https://unsplash.com/@nomadicfitlust,boho wedding,S5YLvY4lA3Y
boho_chic,boho_chic_UOEpeKVM780.jpg,Tony Luginsland,https://unsplash.com/@tonyluginsland,boho wedding,UOEpeKVM780
boho_chic,boho_chic_uR907SdOcwI.jpg,Let's Run To The Sun,https://unsplash.com/@letsruntothesun,boho wedding,uR907SdOcwI
boho_chic,boho_chic_OIA3YiEgrpo.jpg,Omar Lopez,https://unsplash.com/@omarlopez1,boho wedding,OIA3YiEgrpo
boho_chic,boho_chic_tvRZmxHkg5o.jpg,Pablo Lancaster Jones,https://unsplash.com/@fotolancaster,boho wedding,tvRZmxHkg5o
boho_chic,boho_chic_FUFW0_j8QRo.jpg,Flavio,https://unsplash.com/@flaviewxvx,boho wedding,FUFW0_j8QRo
boho_chic,boho_chic_Bnf2-k75bzY.jpg,Jose Nicdao,https://unsplash.com/@jonicdao,boho wedding,Bnf2-k75bzY
boho_chic,boho_chic_6A3Q2AmCKkg.jpg,Lena,https://unsplash.com/@caspersomia,boho wedding,6A3Q2AmCKkg
boho_chic,boho_chic_2bIZLVHxExc.jpg,Devon Divine,https://unsplash.com/@lightrisephoto,boho wedding,2bIZLVHxExc
boho_chic,boho_chic_IBL1QKgXKwQ.jpg,Redd Francisco,https://unsplash.com/@reddfrancisco,boho wedding,IBL1QKgXKwQ
boho_chic,boho_chic_NSDvnMBEkyI.jpg,Tai's Captures,https://unsplash.com/@taiscaptures,boho wedding,NSDvnMBEkyI
boho_chic,boho_chic_N-sB8EVYfWY.jpg,Katarzyna Grabowska,https://unsplash.com/@kalljet,boho wedding,N-sB8EVYfWY
boho_chic,boho_chic_SkbNwE8H1Ew.jpg,Caitlin Freeborn,https://unsplash.com/@royalfoxxweddings,boho wedding,SkbNwE8H1Ew
boho_chic,boho_chic_5BB_atDT4oA.jpg,Nathan Dumlao,https://unsplash.com/@nate_dumlao,boho wedding,5BB_atDT4oA
boho_chic,boho_chic_OoJIOP2QLUg.jpg,Jonathan Borba,https://unsplash.com/@jonathanborba,boho wedding,OoJIOP2QLUg
boho_chic,boho_chic_rTFYPb_4h-A.jpg,Jonathan Borba,https://unsplash.com/@jonathanborba,boho wedding,rTFYPb_4h-A
boho_chic,boho_chic_O7gA4o5NSo0.jpg,claudia lam,https://unsplash.com/@claudialam,boho wedding,O7gA4o5NSo0
boho_chic,boho_chic_lqOqrW7uyvI.jpg,Jonathan Borba,https://unsplash.com/@jonathanborba,boho wedding,lqOqrW7uyvI
boho_chic,boho_chic_XYK70NTWOZ8.jpg,Devon Divine,https://unsplash.com/@lightrisephoto,boho wedding,XYK70NTWOZ8
boho_chic,boho_chic_Y2SPcEmapWg.jpg,Erin Palos,https://unsplash.com/@palosstudio,boho wedding,Y2SPcEmapWg
boho_chic,boho_chic_6uG8km0wFSc.jpg,Ryan Grewell,https://unsplash.com/@ryangrewell,boho wedding,6uG8km0wFSc
boho_chic,boho_chic_vh7vdASlspA.jpg,Pablo Lancaster Jones,https://unsplash.com/@fotolancaster,boho wedding,vh7vdASlspA
boho_chic,boho_chic_8DK7qh8kjNg.jpg,henor teneqja,https://unsplash.com/@henortqa,boho wedding,8DK7qh8kjNg
boho_chic,boho_chic_3DocSuf-oF8.jpg,Marta NIKOLAJENKO,https://unsplash.com/@snowpa,boho wedding,3DocSuf-oF8
boho_chic,boho_chic_bfFvK1b6-hA.jpg,Jen Theodore,https://unsplash.com/@jentheodore,boho wedding,bfFvK1b6-hA
boho_chic,boho_chic_pAWdushcV9Q.jpg,kylefromthenorth™️,https://unsplash.com/@kylefrederick10,boho wedding,pAWdushcV9Q
rustic_barn,rustic_barn_gedAsurdxZA.jpg,Eric Brehm,https://unsplash.com/@creepyhands,rustic barn wedding,gedAsurdxZA
rustic_barn,rustic_barn_RqKqbKOu_Jo.jpg,Eric Brehm,https://unsplash.com/@creepyhands,rustic barn wedding,RqKqbKOu_Jo
rustic_barn,rustic_barn_OpLqG2468Us.jpg,550Park Luxury Wedding Films,https://unsplash.com/@550park,rustic barn wedding,OpLqG2468Us
rustic_barn,rustic_barn_1_8eG2wCtlo.jpg,Junipero Verbeke,https://unsplash.com/@juniperoverbeke,rustic barn wedding,1_8eG2wCtlo
rustic_barn,rustic_barn_7R02ir6z680.jpg,550Park Luxury Wedding Films,https://unsplash.com/@550park,rustic barn wedding,7R02ir6z680
rustic_barn,rustic_barn_Fa2OsFjLVj8.jpg,Virginia Johnson,https://unsplash.com/@johnsonvr,rustic barn wedding,Fa2OsFjLVj8
rustic_barn,rustic_barn_gTD3FpP2320.jpg,Dillon Groves,https://unsplash.com/@_dillongroves,rustic barn wedding,gTD3FpP2320
rustic_barn,rustic_barn_T2C9t5OrnZY.jpg,Colton Sturgeon,https://unsplash.com/@coltonsturgeon,rustic barn wedding,T2C9t5OrnZY
rustic_barn,rustic_barn_uJtS855tNdA.jpg,Corwin Thiessen,https://unsplash.com/@corwinthiessen,rustic barn wedding,uJtS855tNdA
rustic_barn,rustic_barn_NK7WRaCzdBs.jpg,Natilyn Hicks Photography,https://unsplash.com/@natilyn,rustic barn wedding,NK7WRaCzdBs
rustic_barn,rustic_barn_4fj14sxwfKg.jpg,Andres Molina,https://unsplash.com/@nomadicfitlust,rustic barn wedding,4fj14sxwfKg
rustic_barn,rustic_barn__rboahGRkZQ.jpg,jesse watts,https://unsplash.com/@watts15,rustic barn wedding,_rboahGRkZQ
rustic_barn,rustic_barn_Pj4CMGlEMDA.jpg,Colton Sturgeon,https://unsplash.com/@coltonsturgeon,rustic barn wedding,Pj4CMGlEMDA
rustic_barn,rustic_barn_ZRktbECxPFA.jpg,Luisa Brimble,https://unsplash.com/@luisabrimble,rustic barn wedding,ZRktbECxPFA
rustic_barn,rustic_barn_U2fVHsxPLcs.jpg,Colton Sturgeon,https://unsplash.com/@coltonsturgeon,rustic barn wedding,U2fVHsxPLcs
rustic_barn,rustic_barn_gFOWg-CpmTg.jpg,Colton Sturgeon,https://unsplash.com/@coltonsturgeon,rustic barn wedding,gFOWg-CpmTg
rustic_barn,rustic_barn_Qz0JbU7zCPM.jpg,Michael Guertin,https://unsplash.com/@imik,rustic barn wedding,Qz0JbU7zCPM
rustic_barn,rustic_barn_MaWcqwsLBgU.jpg,Andres Molina,https://unsplash.com/@nomadicfitlust,rustic barn wedding,MaWcqwsLBgU
rustic_barn,rustic_barn_81-n4opW164.jpg,550Park Luxury Wedding Films,https://unsplash.com/@550park,rustic barn wedding,81-n4opW164
rustic_barn,rustic_barn_VYNlBOPFizw.jpg,Martin Baron,https://unsplash.com/@elmartinbaron,rustic barn wedding,VYNlBOPFizw
rustic_barn,rustic_barn_7iC9GVU_I00.jpg,Foto Pettine,https://unsplash.com/@fotopettine,rustic barn wedding,7iC9GVU_I00
rustic_barn,rustic_barn_0Cr964zsPJ0.jpg,Colton Sturgeon,https://unsplash.com/@coltonsturgeon,rustic barn wedding,0Cr964zsPJ0
rustic_barn,rustic_barn_fpeD8lbMsis.jpg,Jonathan Borba,https://unsplash.com/@jonathanborba,rustic barn wedding,fpeD8lbMsis
rustic_barn,rustic_barn_EeEFKcWyyIQ.jpg,Jonathan Borba,https://unsplash.com/@jonathanborba,rustic barn wedding,EeEFKcWyyIQ
rustic_barn,rustic_barn_gdoswv5YhRY.jpg,550Park Luxury Wedding Films,https://unsplash.com/@550park,rustic barn wedding,gdoswv5YhRY
rustic_barn,rustic_barn_aRJnVz86Ix0.jpg,550Park Luxury Wedding Films,https://unsplash.com/@550park,rustic barn wedding,aRJnVz86Ix0
rustic_barn,rustic_barn_v3QeAZjxxtY.jpg,Scott Webb,https://unsplash.com/@scottwebb,rustic barn wedding,v3QeAZjxxtY
rustic_barn,rustic_barn_oSJAonbB1QM.jpg,Randy Fath,https://unsplash.com/@randyfath,rustic barn wedding,oSJAonbB1QM
rustic_barn,rustic_barn_9BMHl5Bn6ho.jpg,Elene Photography,https://unsplash.com/@elenephotography,rustic barn wedding,9BMHl5Bn6ho
rustic_barn,rustic_barn_TK5OiaZfBcs.jpg,Alison Erickson,https://unsplash.com/@alisonnerickson,rustic barn wedding,TK5OiaZfBcs
rustic_barn,rustic_barn_VpEByFr48k8.jpg,Lynleigh Stiles,https://unsplash.com/@spstiles,rustic barn wedding,VpEByFr48k8
rustic_barn,rustic_barn_bMMDVNEwDgE.jpg,Colton Sturgeon,https://unsplash.com/@coltonsturgeon,rustic barn wedding,bMMDVNEwDgE
rustic_barn,rustic_barn_nnjZoNKieA8.jpg,Colton Sturgeon,https://unsplash.com/@coltonsturgeon,rustic barn wedding,nnjZoNKieA8
rustic_barn,rustic_barn_k6LUoyE0tng.jpg,Steven Van Elk,https://unsplash.com/@stevenvanelk,rustic barn wedding,k6LUoyE0tng
rustic_barn,rustic_barn_7fz0XkBJz3Y.jpg,Colton Sturgeon,https://unsplash.com/@coltonsturgeon,rustic barn wedding,7fz0XkBJz3Y
rustic_barn,rustic_barn_9PXU6Uw5tME.jpg,Jonathan Borba,https://unsplash.com/@jonathanborba,rustic barn wedding,9PXU6Uw5tME
rustic_barn,rustic_barn_xJHhibll0A0.jpg,Colton Sturgeon,https://unsplash.com/@coltonsturgeon,rustic barn wedding,xJHhibll0A0
rustic_barn,rustic_barn_UWEQ3V2DPmM.jpg,vitor camilo,https://unsplash.com/@vitor_camilo,rustic barn wedding,UWEQ3V2DPmM
rustic_barn,rustic_barn_kNpvMy2-YfA.jpg,Steven Van Elk,https://unsplash.com/@stevenvanelk,rustic barn wedding,kNpvMy2-YfA
rustic_barn,rustic_barn_Ij9QEdyBMOE.jpg,Jonathan Borba,https://unsplash.com/@jonathanborba,rustic barn wedding,Ij9QEdyBMOE
rustic_barn,rustic_barn_ggBShbP7kMc.jpg,Colton Sturgeon,https://unsplash.com/@coltonsturgeon,rustic barn wedding,ggBShbP7kMc
rustic_barn,rustic_barn_K9OWK4kqA2w.jpg,Chris Kursikowski,https://unsplash.com/@c3k,rustic barn wedding,K9OWK4kqA2w
rustic_barn,rustic_barn_SR11nxC-Hlo.jpg,550Park Luxury Wedding Films,https://unsplash.com/@550park,rustic barn wedding,SR11nxC-Hlo
rustic_barn,rustic_barn_fpsJs4VZe40.jpg,Marius Muresan,https://unsplash.com/@muresan113,rustic barn wedding,fpsJs4VZe40
rustic_barn,rustic_barn_kDeodIqJU3c.jpg,Roger Starnes Sr,https://unsplash.com/@rstar50,rustic barn wedding,kDeodIqJU3c
rustic_barn,rustic_barn_7wSu5iqkZrc.jpg,550Park Luxury Wedding Films,https://unsplash.com/@550park,rustic barn wedding,7wSu5iqkZrc
rustic_barn,rustic_barn_aoZnhTPnAn0.jpg,Brittney Weng,https://unsplash.com/@brittneyweng,rustic barn wedding,aoZnhTPnAn0
rustic_barn,rustic_barn_Xs-RbpXYTgU.jpg,James Marcom,https://unsplash.com/@inkjet456,rustic barn wedding,Xs-RbpXYTgU
rustic_barn,rustic_barn__SGTJnaUh-w.jpg,Alexander Mass,https://unsplash.com/@alexandermassph,rustic barn wedding,_SGTJnaUh-w
rustic_barn,rustic_barn_2hO2ClNkdpQ.jpg,550Park Luxury Wedding Films,https://unsplash.com/@550park,rustic barn wedding,2hO2ClNkdpQ
rustic_barn,rustic_barn_rzhcczEljcQ.jpg,Andres Molina,https://unsplash.com/@nomadicfitlust,rustic barn wedding,rzhcczEljcQ
rustic_barn,rustic_barn_skEQzYNarWs.jpg,Kari Bjorn Photography,https://unsplash.com/@karibjorn,rustic barn wedding,skEQzYNarWs
rustic_barn,rustic_barn_1hzOOAiP97w.jpg,Colton Sturgeon,https://unsplash.com/@coltonsturgeon,rustic barn wedding,1hzOOAiP97w
rustic_barn,rustic_barn_hDoFndRrgzg.jpg,Troy Olson,https://unsplash.com/@city2forest,rustic barn wedding,hDoFndRrgzg
rustic_barn,rustic_barn_vS6yjq8HaX0.jpg,Colton Sturgeon,https://unsplash.com/@coltonsturgeon,rustic barn wedding,vS6yjq8HaX0
rustic_barn,rustic_barn_MsWBBxkmO3o.jpg,Kristaps Ungurs,https://unsplash.com/@kristapsungurs,rustic barn wedding,MsWBBxkmO3o
rustic_barn,rustic_barn_sSX56Y3C-no.jpg,Rusty Watson,https://unsplash.com/@rustyct1,rustic barn wedding,sSX56Y3C-no
rustic_barn,rustic_barn_YB7AelHBflE.jpg,ryan hurley,https://unsplash.com/@rhurley2,rustic barn wedding,YB7AelHBflE
rustic_barn,rustic_barn_Vc0qPhazaGk.jpg,Colton Sturgeon,https://unsplash.com/@coltonsturgeon,rustic barn wedding,Vc0qPhazaGk
rustic_barn,rustic_barn_Sf_elfSPEMk.jpg,Jonathan Borba,https://unsplash.com/@jonathanborba,rustic barn wedding,Sf_elfSPEMk
rustic_barn,rustic_barn_PYFxj-2_edc.jpg,Samuel Rodriguez,https://unsplash.com/@samueljrodriguez,rustic barn wedding,PYFxj-2_edc
rustic_barn,rustic_barn_WS7GiXd6Sfg.jpg,Luke Littlefield,https://unsplash.com/@littlefieldphotagraphy_2018,rustic barn wedding,WS7GiXd6Sfg
rustic_barn,rustic_barn_dRVxr2B-uTw.jpg,Aaron Tinoco,https://unsplash.com/@makeit4u,rustic barn wedding,dRVxr2B-uTw
rustic_barn,rustic_barn_FptxMKxKwiE.jpg,Jonathan Borba,https://unsplash.com/@jonathanborba,rustic barn wedding,FptxMKxKwiE
rustic_barn,rustic_barn_SHgXopCK9FE.jpg,Tiffany Anthony,https://unsplash.com/@tiffanyanthony,rustic barn wedding,SHgXopCK9FE
rustic_barn,rustic_barn_4bAObuXYrOc.jpg,David Goldman,https://unsplash.com/@davidjessephoto,rustic barn wedding,4bAObuXYrOc
rustic_barn,rustic_barn_w3swQiFlhng.jpg,550Park Luxury Wedding Films,https://unsplash.com/@550park,rustic barn wedding,w3swQiFlhng
rustic_barn,rustic_barn_NdIRuO-ak_Q.jpg,550Park Luxury Wedding Films,https://unsplash.com/@550park,rustic barn wedding,NdIRuO-ak_Q
rustic_barn,rustic_barn_2_0KNv3279k.jpg,Leo_Visions,https://unsplash.com/@leo_visions_,rustic barn wedding,2_0KNv3279k
rustic_barn,rustic_barn_N2Tg38y6J1g.jpg,Victoria Priessnitz,https://unsplash.com/@victoriapriessnitz,rustic barn wedding,N2Tg38y6J1g
rustic_barn,rustic_barn_cz5FKuqUmnM.jpg,Balint Mendlik,https://unsplash.com/@balintm,rustic barn wedding,cz5FKuqUmnM
rustic_barn,rustic_barn_nI0mlXmW8z4.jpg,Josh Withers,https://unsplash.com/@joshwithers,rustic barn wedding,nI0mlXmW8z4
rustic_barn,rustic_barn_ANjHmhw2GBQ.jpg,Leo_Visions,https://unsplash.com/@leo_visions_,rustic barn wedding,ANjHmhw2GBQ
rustic_barn,rustic_barn_oiA0DEph1Q4.jpg,Jens Lindner,https://unsplash.com/@jens_lindner,rustic barn wedding,oiA0DEph1Q4
rustic_barn,rustic_barn_lCLXITUUOPU.jpg,Brooke Lark,https://unsplash.com/@brookelark,rustic barn wedding,lCLXITUUOPU
rustic_barn,rustic_barn_cAluNNY4cfs.jpg,550Park Luxury Wedding Films,https://unsplash.com/@550park,rustic barn wedding,cAluNNY4cfs
rustic_barn,rustic_barn_6ZYsa1vCk1U.jpg,Meg von Haartman,https://unsplash.com/@traveleroohlala,rustic barn wedding,6ZYsa1vCk1U
rustic_barn,rustic_barn_tc3dw0CTHqk.jpg,Tá Focando,https://unsplash.com/@tafocandofotoefilme,rustic barn wedding,tc3dw0CTHqk
rustic_barn,rustic_barn_EaLx--EN2nM.jpg,Ryland Dean,https://unsplash.com/@ryland_dean,rustic barn wedding,EaLx--EN2nM
rustic_barn,rustic_barn_0drPTqukAts.jpg,anna siracusa,https://unsplash.com/@annams,rustic barn wedding,0drPTqukAts
rustic_barn,rustic_barn_afZcm6cFTjs.jpg,Cinematic Imagery,https://unsplash.com/@cinematicimagery,rustic barn wedding,afZcm6cFTjs
rustic_barn,rustic_barn_TQPds99FqBw.jpg,550Park Luxury Wedding Films,https://unsplash.com/@550park,rustic barn wedding,TQPds99FqBw
rustic_barn,rustic_barn_-cRq3qbqQgM.jpg,Colton Sturgeon,https://unsplash.com/@coltonsturgeon,rustic barn wedding,-cRq3qbqQgM
rustic_barn,rustic_barn_Fd0hGQIs4qE.jpg,Colton Sturgeon,https://unsplash.com/@coltonsturgeon,rustic barn wedding,Fd0hGQIs4qE
rustic_barn,rustic_barn_pv6GSzH1EZs.jpg,Pedro Pulido,https://unsplash.com/@pedropulidophotography,rustic barn wedding,pv6GSzH1EZs
rustic_barn,rustic_barn_keOM_K760Ns.jpg,550Park Luxury Wedding Films,https://unsplash.com/@550park,rustic barn wedding,keOM_K760Ns
rustic_barn,rustic_barn_nRL5jrM9jmw.jpg,Halanna Halila,https://unsplash.com/@halannahalila,rustic barn wedding,nRL5jrM9jmw
rustic_barn,rustic_barn_KpzGmDvzhS4.jpg,Yaw Afari,https://unsplash.com/@afrocentricafrican,rustic barn wedding,KpzGmDvzhS4
rustic_barn,rustic_barn_TMqOXrOlECI.jpg,Steven Van Elk,https://unsplash.com/@stevenvanelk,rustic barn wedding,TMqOXrOlECI
rustic_barn,rustic_barn_cuHGzb49P4U.jpg,550Park Luxury Wedding Films,https://unsplash.com/@550park,rustic barn wedding,cuHGzb49P4U
rustic_barn,rustic_barn_3nx3qOwSSLs.jpg,Jennifer Kalenberg,https://unsplash.com/@jkalen71,rustic barn wedding,3nx3qOwSSLs
rustic_barn,rustic_barn_Zr_Pgh9oahU.jpg,Victoria Priessnitz,https://unsplash.com/@victoriapriessnitz,rustic barn wedding,Zr_Pgh9oahU
rustic_barn,rustic_barn_15BLZmLLTfw.jpg,Annika Palmari,https://unsplash.com/@palmariannika,rustic barn wedding,15BLZmLLTfw
rustic_barn,rustic_barn_Pm2SW5H9pWM.jpg,Jonathan Borba,https://unsplash.com/@jonathanborba,rustic barn wedding,Pm2SW5H9pWM
rustic_barn,rustic_barn_6t-i3QmvW8Y.jpg,Hitesh Patel,https://unsplash.com/@photosbyhitesh,rustic barn wedding,6t-i3QmvW8Y
rustic_barn,rustic_barn_vYUInD-g__8.jpg,Michael Eufemia,https://unsplash.com/@michaeleufemia,rustic barn wedding,vYUInD-g__8
rustic_barn,rustic_barn_oGLUHfFwxjM.jpg,Martin Baron,https://unsplash.com/@elmartinbaron,rustic barn wedding,oGLUHfFwxjM
rustic_barn,rustic_barn_jppF8Ob5zwE.jpg,Joshua Slate,https://unsplash.com/@jslate01,rustic barn wedding,jppF8Ob5zwE
rustic_barn,rustic_barn_eULGWsuxBJY.jpg,550Park Luxury Wedding Films,https://unsplash.com/@550park,rustic barn wedding,eULGWsuxBJY
rustic_barn,rustic_barn_LSLpY48-4io.jpg,Jayden Seah,https://unsplash.com/@jsyz_,rustic barn wedding,LSLpY48-4io
rustic_barn,rustic_barn_8nIX1piIAWE.jpg,Erik Mclean,https://unsplash.com/@introspectivedsgn,rustic barn wedding,8nIX1piIAWE
rustic_barn,rustic_barn_YX96ahYLJ4I.jpg,jesse watts,https://unsplash.com/@watts15,rustic barn wedding,YX96ahYLJ4I
rustic_barn,rustic_barn_JB2fMtQl3h4.jpg,Jonathan Borba,https://unsplash.com/@jonathanborba,rustic barn wedding,JB2fMtQl3h4
rustic_barn,rustic_barn__uYqCJomy0U.jpg,Peter Vimalis,https://unsplash.com/@petervimalis,rustic barn wedding,_uYqCJomy0U
rustic_barn,rustic_barn_AWSk6u04M44.jpg,Colton Sturgeon,https://unsplash.com/@coltonsturgeon,rustic barn wedding,AWSk6u04M44
rustic_barn,rustic_barn_BAhzYw40wcY.jpg,Jennifer Kalenberg,https://unsplash.com/@jkalen71,rustic barn wedding,BAhzYw40wcY
rustic_barn,rustic_barn_yovr_GYtnh0.jpg,铮 夏,https://unsplash.com/@xiazheng1995,rustic barn wedding,yovr_GYtnh0
rustic_barn,rustic_barn_983y_4cFydM.jpg,Mathias Reding,https://unsplash.com/@matreding,rustic barn wedding,983y_4cFydM
rustic_barn,rustic_barn_8007SZUyL5E.jpg,Colton Sturgeon,https://unsplash.com/@coltonsturgeon,rustic barn wedding,8007SZUyL5E
rustic_barn,rustic_barn_V0gvy9zWL4w.jpg,Kawê Rodrigues,https://unsplash.com/@kawerodriguess,rustic barn wedding,V0gvy9zWL4w
rustic_barn,rustic_barn_dZnhB3d1gg4.jpg,Clinton Chiloane,https://unsplash.com/@clintonfilms,rustic barn wedding,dZnhB3d1gg4
rustic_barn,rustic_barn_K9zwBQsM5nc.jpg,Roger Starnes Sr,https://unsplash.com/@rstar50,rustic barn wedding,K9zwBQsM5nc
rustic_barn,rustic_barn_Tf27lwDzlpA.jpg,Jennifer Kalenberg,https://unsplash.com/@jkalen71,rustic barn wedding,Tf27lwDzlpA
rustic_barn,rustic_barn_s2WEJynXI4U.jpg,Devon Divine,https://unsplash.com/@lightrisephoto,rustic barn wedding,s2WEJynXI4U
rustic_barn,rustic_barn_vr15tPbg81M.jpg,Jonathan Borba,https://unsplash.com/@jonathanborba,rustic barn wedding,vr15tPbg81M
rustic_barn,rustic_barn___VVBda_Ykg.jpg,Camylla Battani,https://unsplash.com/@camylla93,rustic barn wedding,__VVBda_Ykg
rustic_barn,rustic_barn__tpg_yTbqwA.jpg,Victoria Priessnitz,https://unsplash.com/@victoriapriessnitz,rustic barn wedding,_tpg_yTbqwA
rustic_barn,rustic_barn_hXaXPf_TiHY.jpg,Davide Biscuso,https://unsplash.com/@biscu,rustic barn wedding,hXaXPf_TiHY
rustic_barn,rustic_barn_dRSePTIWY0Q.jpg,Abhir Joshi,https://unsplash.com/@abhirjoshi,rustic barn wedding,dRSePTIWY0Q
rustic_barn,rustic_barn_txUofB-lP4M.jpg,Victoria Priessnitz,https://unsplash.com/@victoriapriessnitz,rustic barn wedding,txUofB-lP4M
rustic_barn,rustic_barn_OOszaUmsodU.jpg,Colton Sturgeon,https://unsplash.com/@coltonsturgeon,rustic barn wedding,OOszaUmsodU
rustic_barn,rustic_barn_-AntkUZ3_xk.jpg,Gemali Martinez,https://unsplash.com/@gemasphotography,rustic barn wedding,-AntkUZ3_xk
rustic_barn,rustic_barn_KzaqoGRG1U4.jpg,Colton Sturgeon,https://unsplash.com/@coltonsturgeon,rustic barn wedding,KzaqoGRG1U4
rustic_barn,rustic_barn_AGKYuMSxPF0.jpg,ISKRA Photography,https://unsplash.com/@iskra_photography,rustic barn wedding,AGKYuMSxPF0
rustic_barn,rustic_barn_TtVahUwJTO0.jpg,Jacob Padilla,https://unsplash.com/@jacob17pad,rustic barn wedding,TtVahUwJTO0
rustic_barn,rustic_barn_174ZYtxCtr4.jpg,James Bold,https://unsplash.com/@jamesbold,rustic barn wedding,174ZYtxCtr4
rustic_barn,rustic_barn_-G9r3pceDF8.jpg,Joshua Hanson,https://unsplash.com/@joshuahanson43,rustic barn wedding,-G9r3pceDF8
rustic_barn,rustic_barn_YhJv1wsI6Hk.jpg,Colton Sturgeon,https://unsplash.com/@coltonsturgeon,rustic barn wedding,YhJv1wsI6Hk
rustic_barn,rustic_barn_Gk7enstVtGE.jpg,Aubrey Odom,https://unsplash.com/@octoberroses,rustic barn wedding,Gk7enstVtGE
rustic_barn,rustic_barn_zx16Yj8--q0.jpg,Colton Sturgeon,https://unsplash.com/@coltonsturgeon,rustic barn wedding,zx16Yj8--q0
rustic_barn,rustic_barn_9-mIH8ySewM.jpg,Jonathan Borba,https://unsplash.com/@jonathanborba,rustic barn wedding,9-mIH8ySewM
rustic_barn,rustic_barn_Mc4TqYOiJlA.jpg,Colton Sturgeon,https://unsplash.com/@coltonsturgeon,rustic barn wedding,Mc4TqYOiJlA
rustic_barn,rustic_barn_XMjmjT5NCic.jpg,Cathy Poland,https://unsplash.com/@cathypoland,rustic barn wedding,XMjmjT5NCic
rustic_barn,rustic_barn_beIcJCoXYK0.jpg,Jessie Shaw,https://unsplash.com/@jessieshawphoto,rustic barn wedding,beIcJCoXYK0
rustic_barn,rustic_barn_WnmXzjtjRfw.jpg,Tom Pumford,https://unsplash.com/@tompumford,rustic barn wedding,WnmXzjtjRfw
rustic_barn,rustic_barn_S_Bnwe7kpys.jpg,Annie Spratt,https://unsplash.com/@anniespratt,rustic barn wedding,S_Bnwe7kpys
rustic_barn,rustic_barn_IpUNNrb8fo8.jpg,Colton Sturgeon,https://unsplash.com/@coltonsturgeon,rustic barn wedding,IpUNNrb8fo8
rustic_barn,rustic_barn_ryFwEa9F_2s.jpg,Leo_Visions,https://unsplash.com/@leo_visions_,rustic barn wedding,ryFwEa9F_2s
rustic_barn,rustic_barn_qf12UH4d2W8.jpg,Sandra Seitamaa,https://unsplash.com/@seitamaaphotography,rustic barn wedding,qf12UH4d2W8
rustic_barn,rustic_barn__10aiw9gDpw.jpg,Samantha Gades,https://unsplash.com/@srosinger3997,rustic barn wedding,_10aiw9gDpw
rustic_barn,rustic_barn_Z451A3_iaGA.jpg,550Park Luxury Wedding Films,https://unsplash.com/@550park,rustic barn wedding,Z451A3_iaGA
rustic_barn,rustic_barn_cmK_4dQZq0w.jpg,Leo_Visions,https://unsplash.com/@leo_visions_,rustic barn wedding,cmK_4dQZq0w
rustic_barn,rustic_barn_jaBiwU874Sc.jpg,Josue Michel,https://unsplash.com/@josuemichelphotography,rustic barn wedding,jaBiwU874Sc
rustic_barn,rustic_barn_ZZQxC833KzY.jpg,Annie Spratt,https://unsplash.com/@anniespratt,rustic barn wedding,ZZQxC833KzY
rustic_barn,rustic_barn_ftrAQ9HYNtI.jpg,Tom Wilson,https://unsplash.com/@pastorthomasbwilson,rustic barn wedding,ftrAQ9HYNtI
rustic_barn,rustic_barn_eCAVv9PXfV0.jpg,Kawê Rodrigues,https://unsplash.com/@kawerodriguess,rustic barn wedding,eCAVv9PXfV0
rustic_barn,rustic_barn_u5a3-JAYz10.jpg,Steven Van Elk,https://unsplash.com/@stevenvanelk,rustic barn wedding,u5a3-JAYz10
rustic_barn,rustic_barn_tzRQr_Gkas8.jpg,550Park Luxury Wedding Films,https://unsplash.com/@550park,rustic barn wedding,tzRQr_Gkas8
rustic_barn,rustic_barn_9Ac4sMWD7CY.jpg,Jonathan Borba,https://unsplash.com/@jonathanborba,rustic barn wedding,9Ac4sMWD7CY
rustic_barn,rustic_barn_PuIeAUQPzw0.jpg,mana5280,https://unsplash.com/@mana5280,rustic barn wedding,PuIeAUQPzw0
rustic_barn,rustic_barn_ZHH2_DZtY88.jpg,Omar Lopez,https://unsplash.com/@omarlopez1,rustic barn wedding,ZHH2_DZtY88
rustic_barn,rustic_barn_eMbaeqCv-0U.jpg,Fotógrafo Samuel Cruz,https://unsplash.com/@fotografosamuelcruz,rustic barn wedding,eMbaeqCv-0U
luxury_glamour,luxury_glamour_UzRqcLGETvY.jpg,GianCarlo Devita Films,https://unsplash.com/@giancarlodevitafilms,luxury wedding,UzRqcLGETvY
luxury_glamour,luxury_glamour_O9b1R1oZJNY.jpg,Kari Bjorn Photography,https://unsplash.com/@karibjorn,luxury wedding,O9b1R1oZJNY
luxury_glamour,luxury_glamour_1qH1GOt7Q-E.jpg,Colette Allen,https://unsplash.com/@aureliaphotos_,luxury wedding,1qH1GOt7Q-E
luxury_glamour,luxury_glamour_2XXQkrL0k-Q.jpg,roshan pms,https://unsplash.com/@roshanpms,luxury wedding,2XXQkrL0k-Q
luxury_glamour,luxury_glamour_MA2A-5pRnsU.jpg,The Now Time,https://unsplash.com/@thenowtime,luxury wedding,MA2A-5pRnsU
luxury_glamour,luxury_glamour_AoxieKAXGWQ.jpg,GianCarlo Devita Films,https://unsplash.com/@giancarlodevitafilms,luxury wedding,AoxieKAXGWQ
luxury_glamour,luxury_glamour_UxCS2kVhZTc.jpg,James Bold,https://unsplash.com/@jamesbold,luxury wedding,UxCS2kVhZTc
luxury_glamour,luxury_glamour_jaSNSIJJQQY.jpg,Khrystyna Shevtsiv,https://unsplash.com/@chriswind,luxury wedding,jaSNSIJJQQY
luxury_glamour,luxury_glamour_bQRDNrl6Y4Y.jpg,Dejan Nikolic,https://unsplash.com/@fotografkrusevac,luxury wedding,bQRDNrl6Y4Y
luxury_glamour,luxury_glamour_2FtODbrXVyU.jpg,GianCarlo Devita Films,https://unsplash.com/@giancarlodevitafilms,luxury wedding,2FtODbrXVyU
luxury_glamour,luxury_glamour_AXb6GZDr-No.jpg,GianCarlo Devita Films,https://unsplash.com/@giancarlodevitafilms,luxury wedding,AXb6GZDr-No
luxury_glamour,luxury_glamour_i5wjREIx_Z4.jpg,GianCarlo Devita Films,https://unsplash.com/@giancarlodevitafilms,luxury wedding,i5wjREIx_Z4
luxury_glamour,luxury_glamour_uPrcegGynQA.jpg,Incanto wedding Planner,https://unsplash.com/@incantoweddingplanner,luxury wedding,uPrcegGynQA
luxury_glamour,luxury_glamour_Eih7MxllvY0.jpg,venuewala Wedding planner,https://unsplash.com/@fivespice,luxury wedding,Eih7MxllvY0
luxury_glamour,luxury_glamour_9-FJZI2NVUo.jpg,GianCarlo Devita Films,https://unsplash.com/@giancarlodevitafilms,luxury wedding,9-FJZI2NVUo
luxury_glamour,luxury_glamour_mKA4ITzuhGk.jpg,HACA Wedding,https://unsplash.com/@hacawedding,luxury wedding,mKA4ITzuhGk
luxury_glamour,luxury_glamour_JyLyB3mJrFk.jpg,HACA Wedding,https://unsplash.com/@hacawedding,luxury wedding,JyLyB3mJrFk
luxury_glamour,luxury_glamour_0O_jWVlpZEQ.jpg,HACA Wedding,https://unsplash.com/@hacawedding,luxury wedding,0O_jWVlpZEQ
luxury_glamour,luxury_glamour_xYR78bVS5lQ.jpg,Lucas T Photography,https://unsplash.com/@lucastphotography,luxury wedding,xYR78bVS5lQ
luxury_glamour,luxury_glamour_Rqvf3xCHwVc.jpg,Sina Tari,https://unsplash.com/@sina_tari,luxury wedding,Rqvf3xCHwVc
luxury_glamour,luxury_glamour_kIBc6bvKmJQ.jpg,HACA Wedding,https://unsplash.com/@hacawedding,luxury wedding,kIBc6bvKmJQ
luxury_glamour,luxury_glamour_hYpCluRika0.jpg,HACA Wedding,https://unsplash.com/@hacawedding,luxury wedding,hYpCluRika0
luxury_glamour,luxury_glamour_V1MQWIX1XK8.jpg,HACA Wedding,https://unsplash.com/@hacawedding,luxury wedding,V1MQWIX1XK8
luxury_glamour,luxury_glamour_Hlf8p6tdzwA.jpg,HACA Wedding,https://unsplash.com/@hacawedding,luxury wedding,Hlf8p6tdzwA
luxury_glamour,luxury_glamour_xFdZWZ-VsmM.jpg,HACA Wedding,https://unsplash.com/@hacawedding,luxury wedding,xFdZWZ-VsmM
luxury_glamour,luxury_glamour_EcQ60fVZUxY.jpg,GianCarlo Devita Films,https://unsplash.com/@giancarlodevitafilms,luxury wedding,EcQ60fVZUxY
luxury_glamour,luxury_glamour_B9UBRAvamWU.jpg,ARTO SURAJ,https://unsplash.com/@artosuraj,luxury wedding,B9UBRAvamWU
luxury_glamour,luxury_glamour_IF8V3HkwCVM.jpg,HACA Wedding,https://unsplash.com/@hacawedding,luxury wedding,IF8V3HkwCVM
luxury_glamour,luxury_glamour_NE_cY-zWsWA.jpg,HACA Wedding,https://unsplash.com/@hacawedding,luxury wedding,NE_cY-zWsWA
luxury_glamour,luxury_glamour_zDwZtHTlURk.jpg,HACA Wedding,https://unsplash.com/@hacawedding,luxury wedding,zDwZtHTlURk
luxury_glamour,luxury_glamour_0L15OqcLqMQ.jpg,HACA Wedding,https://unsplash.com/@hacawedding,luxury wedding,0L15OqcLqMQ
luxury_glamour,luxury_glamour_-3Dlru8k014.jpg,HACA Wedding,https://unsplash.com/@hacawedding,luxury wedding,-3Dlru8k014
luxury_glamour,luxury_glamour_Wm2QHaM8d5w.jpg,HACA Wedding,https://unsplash.com/@hacawedding,luxury wedding,Wm2QHaM8d5w
luxury_glamour,luxury_glamour_trZw05gIA9g.jpg,HACA Wedding,https://unsplash.com/@hacawedding,luxury wedding,trZw05gIA9g
luxury_glamour,luxury_glamour_6I_7wChockc.jpg,HACA Wedding,https://unsplash.com/@hacawedding,luxury wedding,6I_7wChockc
luxury_glamour,luxury_glamour_gC9QadueuVE.jpg,HACA Wedding,https://unsplash.com/@hacawedding,luxury wedding,gC9QadueuVE
luxury_glamour,luxury_glamour_puNRJeNyb8A.jpg,HACA Wedding,https://unsplash.com/@hacawedding,luxury wedding,puNRJeNyb8A
luxury_glamour,luxury_glamour_n4TD9RbPTBA.jpg,HACA Wedding,https://unsplash.com/@hacawedding,luxury wedding,n4TD9RbPTBA
luxury_glamour,luxury_glamour_3FYmndxeaGY.jpg,HACA Wedding,https://unsplash.com/@hacawedding,luxury wedding,3FYmndxeaGY
luxury_glamour,luxury_glamour_MMHjnhiVMUA.jpg,HACA Wedding,https://unsplash.com/@hacawedding,luxury wedding,MMHjnhiVMUA
luxury_glamour,luxury_glamour_4JyDgxOYL6I.jpg,HACA Wedding,https://unsplash.com/@hacawedding,luxury wedding,4JyDgxOYL6I
luxury_glamour,luxury_glamour_JcxPXGXCu_8.jpg,HACA Wedding,https://unsplash.com/@hacawedding,luxury wedding,JcxPXGXCu_8
luxury_glamour,luxury_glamour_DcfXOX3yj0A.jpg,HACA Wedding,https://unsplash.com/@hacawedding,luxury wedding,DcfXOX3yj0A
luxury_glamour,luxury_glamour_aOLSifN97GI.jpg,HACA Wedding,https://unsplash.com/@hacawedding,luxury wedding,aOLSifN97GI
luxury_glamour,luxury_glamour_FPGxGf54F1E.jpg,HACA Wedding,https://unsplash.com/@hacawedding,luxury wedding,FPGxGf54F1E
luxury_glamour,luxury_glamour_kVxHZ1KcB8c.jpg,Lucas T Photography,https://unsplash.com/@lucastphotography,luxury wedding,kVxHZ1KcB8c
luxury_glamour,luxury_glamour_0hPI604bg1s.jpg,Photos by Lanty,https://unsplash.com/@photos_by_lanty,luxury wedding,0hPI604bg1s
luxury_glamour,luxury_glamour_YZYZZ6L0aLA.jpg,LUONG DUONG,https://unsplash.com/@quocluong_photo,luxury wedding,YZYZZ6L0aLA
luxury_glamour,luxury_glamour_i7Qt54lCTaY.jpg,Reneé Thompson,https://unsplash.com/@reneethompsonco,luxury wedding,i7Qt54lCTaY
luxury_glamour,luxury_glamour_SvYUoEUwcoU.jpg,HACA Wedding,https://unsplash.com/@hacawedding,luxury wedding,SvYUoEUwcoU
luxury_glamour,luxury_glamour_ETunYkQwDLs.jpg,HACA Wedding,https://unsplash.com/@hacawedding,luxury wedding,ETunYkQwDLs
luxury_glamour,luxury_glamour_nvx2hJw2YCE.jpg,HACA Wedding,https://unsplash.com/@hacawedding,luxury wedding,nvx2hJw2YCE
luxury_glamour,luxury_glamour_c7z6WLOokxU.jpg,Athmaja Mohan,https://unsplash.com/@athztae,luxury wedding,c7z6WLOokxU
luxury_glamour,luxury_glamour_W80jxZZbmyY.jpg,Fotógrafo Samuel Cruz,https://unsplash.com/@fotografosamuelcruz,luxury wedding,W80jxZZbmyY
luxury_glamour,luxury_glamour_ZM8PBuPWPL4.jpg,Kate Branch,https://unsplash.com/@katebranch,luxury wedding,ZM8PBuPWPL4
luxury_glamour,luxury_glamour_uPl6gns1Uhs.jpg,Jen Vazquez,https://unsplash.com/@jenvazquezmedia,luxury wedding,uPl6gns1Uhs
luxury_glamour,luxury_glamour_tfY3TUYJaXg.jpg,Fotógrafo Samuel Cruz,https://unsplash.com/@fotografosamuelcruz,luxury wedding,tfY3TUYJaXg
luxury_glamour,luxury_glamour_40QbnYxoMTw.jpg,Fotógrafo Samuel Cruz,https://unsplash.com/@fotografosamuelcruz,luxury wedding,40QbnYxoMTw
luxury_glamour,luxury_glamour_FeO_txj9yVc.jpg,Mathis Payet Descombes,https://unsplash.com/@mathis_pyt,luxury wedding,FeO_txj9yVc
luxury_glamour,luxury_glamour_AoXvhrmyab0.jpg,Rizky Motion,https://unsplash.com/@rizky_motion,luxury wedding,AoXvhrmyab0
luxury_glamour,luxury_glamour_6SuyGp0zi6o.jpg,mcpeter,https://unsplash.com/@thisismcpeter,luxury wedding,6SuyGp0zi6o
luxury_glamour,luxury_glamour_kfy9px_8VHg.jpg,Fotógrafo Samuel Cruz,https://unsplash.com/@fotografosamuelcruz,luxury wedding,kfy9px_8VHg
luxury_glamour,luxury_glamour_TnZs3NrT2bw.jpg,HACA Wedding,https://unsplash.com/@hacawedding,luxury wedding,TnZs3NrT2bw
luxury_glamour,luxury_glamour_AWk44G3WTvs.jpg,Bin Thieu,https://unsplash.com/@binthieu,luxury wedding,AWk44G3WTvs
luxury_glamour,luxury_glamour_0x4Qtfrqu2M.jpg,GianCarlo Devita Films,https://unsplash.com/@giancarlodevitafilms,luxury wedding,0x4Qtfrqu2M
luxury_glamour,luxury_glamour_58JZfpnMBU8.jpg,Incanto wedding Planner,https://unsplash.com/@incantoweddingplanner,luxury wedding,58JZfpnMBU8
luxury_glamour,luxury_glamour_wYWeVmlGWHM.jpg,Mathis Payet Descombes,https://unsplash.com/@mathis_pyt,luxury wedding,wYWeVmlGWHM
luxury_glamour,luxury_glamour__8qms_PVRhY.jpg,Jonathan Borba,https://unsplash.com/@jonathanborba,luxury wedding,_8qms_PVRhY
luxury_glamour,luxury_glamour_U172JOR41ps.jpg,mcpeter,https://unsplash.com/@thisismcpeter,luxury wedding,U172JOR41ps
luxury_glamour,luxury_glamour_CWabCYCu5Jo.jpg,Fotógrafo Samuel Cruz,https://unsplash.com/@fotografosamuelcruz,luxury wedding,CWabCYCu5Jo
luxury_glamour,luxury_glamour_WGW_Ig8qp2I.jpg,Manya Sivanandam,https://unsplash.com/@manyasivanandam,luxury wedding,WGW_Ig8qp2I
luxury_glamour,luxury_glamour_Y0E7RoJHRUc.jpg,Tope. A Asokere,https://unsplash.com/@topeasokere,luxury wedding,Y0E7RoJHRUc
luxury_glamour,luxury_glamour_OMqS8FMgOvg.jpg,Fotógrafo Samuel Cruz,https://unsplash.com/@fotografosamuelcruz,luxury wedding,OMqS8FMgOvg
luxury_glamour,luxury_glamour_MuDrGSUndMk.jpg,Anushka Shashimal,https://unsplash.com/@anush_kun,luxury wedding,MuDrGSUndMk
luxury_glamour,luxury_glamour_qoyopGT9i5c.jpg,Borcila Dorinel photography,https://unsplash.com/@bdphotography2025,luxury wedding,qoyopGT9i5c
luxury_glamour,luxury_glamour_ftaqNmLg9Gk.jpg,Peter Muniz,https://unsplash.com/@petepxl,luxury wedding,ftaqNmLg9Gk
luxury_glamour,luxury_glamour_IL0qHqstPDQ.jpg,Zaraq Iqbal,https://unsplash.com/@zaraqiqbal,luxury wedding,IL0qHqstPDQ
luxury_glamour,luxury_glamour_NsoyC2NB6Cg.jpg,Jonathan Borba,https://unsplash.com/@jonathanborba,luxury wedding,NsoyC2NB6Cg
luxury_glamour,luxury_glamour_b7KaM67h8UQ.jpg,Zaraq Iqbal,https://unsplash.com/@zaraqiqbal,luxury wedding,b7KaM67h8UQ
luxury_glamour,luxury_glamour_4CfXuKfeIGY.jpg,Zaraq Iqbal,https://unsplash.com/@zaraqiqbal,luxury wedding,4CfXuKfeIGY
luxury_glamour,luxury_glamour_Q0a7fbRA88k.jpg,Zaraq Iqbal,https://unsplash.com/@zaraqiqbal,luxury wedding,Q0a7fbRA88k
luxury_glamour,luxury_glamour_l17Cu-FQaZk.jpg,Zaraq Iqbal,https://unsplash.com/@zaraqiqbal,luxury wedding,l17Cu-FQaZk
luxury_glamour,luxury_glamour_zcrWCpluaAM.jpg,Zaraq Iqbal,https://unsplash.com/@zaraqiqbal,luxury wedding,zcrWCpluaAM
luxury_glamour,luxury_glamour_x_8h-S1lmfk.jpg,Zaraq Iqbal,https://unsplash.com/@zaraqiqbal,luxury wedding,x_8h-S1lmfk
luxury_glamour,luxury_glamour_bvDoQsC0PFs.jpg,Zaraq Iqbal,https://unsplash.com/@zaraqiqbal,luxury wedding,bvDoQsC0PFs
luxury_glamour,luxury_glamour_kN4tZi7cQx4.jpg,Zaraq Iqbal,https://unsplash.com/@zaraqiqbal,luxury wedding,kN4tZi7cQx4
luxury_glamour,luxury_glamour_taCoSDNQbX8.jpg,Zaraq Iqbal,https://unsplash.com/@zaraqiqbal,luxury wedding,taCoSDNQbX8
luxury_glamour,luxury_glamour_4704tQPw10I.jpg,Zaraq Iqbal,https://unsplash.com/@zaraqiqbal,luxury wedding,4704tQPw10I
luxury_glamour,luxury_glamour_be9MLsARgjY.jpg,Zaraq Iqbal,https://unsplash.com/@zaraqiqbal,luxury wedding,be9MLsARgjY
luxury_glamour,luxury_glamour_SibvUJCQd6Q.jpg,john renzzel,https://unsplash.com/@johnrenzzel,luxury wedding,SibvUJCQd6Q
luxury_glamour,luxury_glamour_J2I3_ox-np0.jpg,Micah & Sammie Chaffin,https://unsplash.com/@micahandsammiechaffin,luxury wedding,J2I3_ox-np0
luxury_glamour,luxury_glamour_TZrIcCaAZFk.jpg,Lucas T Photography,https://unsplash.com/@lucastphotography,luxury wedding,TZrIcCaAZFk
luxury_glamour,luxury_glamour_owF2GbJnxlc.jpg,Zaraq Iqbal,https://unsplash.com/@zaraqiqbal,luxury wedding,owF2GbJnxlc
luxury_glamour,luxury_glamour_Zi_NOBHIk9A.jpg,Vidit Goswami,https://unsplash.com/@viditgoswami,luxury wedding,Zi_NOBHIk9A
luxury_glamour,luxury_glamour_QOrJX0dRwcw.jpg,HACA Wedding,https://unsplash.com/@hacawedding,luxury wedding,QOrJX0dRwcw
luxury_glamour,luxury_glamour_tRuLgRh8oJM.jpg,HACA Wedding,https://unsplash.com/@hacawedding,luxury wedding,tRuLgRh8oJM
luxury_glamour,luxury_glamour_6N8zZ6KD5bo.jpg,HACA Wedding,https://unsplash.com/@hacawedding,luxury wedding,6N8zZ6KD5bo
luxury_glamour,luxury_glamour_vbgvUqTYLUY.jpg,Anushka Shashimal,https://unsplash.com/@anush_kun,luxury wedding,vbgvUqTYLUY
luxury_glamour,luxury_glamour_RqUz9JSDP-U.jpg,HACA Wedding,https://unsplash.com/@hacawedding,luxury wedding,RqUz9JSDP-U
luxury_glamour,luxury_glamour_GBJXiGGe2Jo.jpg,HACA Wedding,https://unsplash.com/@hacawedding,luxury wedding,GBJXiGGe2Jo
luxury_glamour,luxury_glamour_XqfOe9GeDGM.jpg,LUONG DUONG,https://unsplash.com/@quocluong_photo,luxury wedding,XqfOe9GeDGM
luxury_glamour,luxury_glamour_nmXH-IdT3rM.jpg,Jonathan Borba,https://unsplash.com/@jonathanborba,luxury wedding,nmXH-IdT3rM
luxury_glamour,luxury_glamour_FC8fFKp5FKY.jpg,Micah & Sammie Chaffin,https://unsplash.com/@micahandsammiechaffin,luxury wedding,FC8fFKp5FKY
luxury_glamour,luxury_glamour_Rol0EESXcqc.jpg,Micah & Sammie Chaffin,https://unsplash.com/@micahandsammiechaffin,luxury wedding,Rol0EESXcqc
luxury_glamour,luxury_glamour_SEkwrT09QVM.jpg,Jonathan Borba,https://unsplash.com/@jonathanborba,luxury wedding,SEkwrT09QVM
luxury_glamour,luxury_glamour_gMMXFGCIktc.jpg,HACA Wedding,https://unsplash.com/@hacawedding,luxury wedding,gMMXFGCIktc
luxury_glamour,luxury_glamour_BYsrLe-2Hc0.jpg,Renée van den Kerkhof,https://unsplash.com/@neetjenl,luxury wedding,BYsrLe-2Hc0
luxury_glamour,luxury_glamour_ch1FKWxUsuo.jpg,HACA Wedding,https://unsplash.com/@hacawedding,luxury wedding,ch1FKWxUsuo
luxury_glamour,luxury_glamour_6O4s4wBYQw4.jpg,HACA Wedding,https://unsplash.com/@hacawedding,luxury wedding,6O4s4wBYQw4
luxury_glamour,luxury_glamour_TO7eypDaEpI.jpg,HACA Wedding,https://unsplash.com/@hacawedding,luxury wedding,TO7eypDaEpI
luxury_glamour,luxury_glamour_In09yqd94q0.jpg,Micah & Sammie Chaffin,https://unsplash.com/@micahandsammiechaffin,luxury wedding,In09yqd94q0
luxury_glamour,luxury_glamour_qeYhee5Kbtk.jpg,Aron Weerakoon,https://unsplash.com/@aron781n,luxury wedding,qeYhee5Kbtk
luxury_glamour,luxury_glamour_ejdHUV1X_dk.jpg,PRAHANT STUDIO,https://unsplash.com/@prahantstudio,luxury wedding,ejdHUV1X_dk
luxury_glamour,luxury_glamour_YCHetz-AFA0.jpg,Reneé Thompson,https://unsplash.com/@reneethompsonco,luxury wedding,YCHetz-AFA0
luxury_glamour,luxury_glamour_QB3loRGh3ZQ.jpg,Fotógrafo Samuel Cruz,https://unsplash.com/@fotografosamuelcruz,luxury wedding,QB3loRGh3ZQ
luxury_glamour,luxury_glamour_-A9kNJTX2vc.jpg,Lucas T Photography,https://unsplash.com/@lucastphotography,luxury wedding,-A9kNJTX2vc
luxury_glamour,luxury_glamour_BCfLP5HVzyY.jpg,PRAHANT STUDIO,https://unsplash.com/@prahantstudio,luxury wedding,BCfLP5HVzyY
luxury_glamour,luxury_glamour_qJwmXER-gGo.jpg,HACA Wedding,https://unsplash.com/@hacawedding,luxury wedding,qJwmXER-gGo
luxury_glamour,luxury_glamour_GEVDUzAI_08.jpg,HACA Wedding,https://unsplash.com/@hacawedding,luxury wedding,GEVDUzAI_08
luxury_glamour,luxury_glamour_w1_Q8k9hyWg.jpg,Lucas T Photography,https://unsplash.com/@lucastphotography,luxury wedding,w1_Q8k9hyWg
luxury_glamour,luxury_glamour_jRXWhFBi6rM.jpg,Reneé Thompson,https://unsplash.com/@reneethompsonco,luxury wedding,jRXWhFBi6rM
luxury_glamour,luxury_glamour_jnAlnjFHWGY.jpg,Reneé Thompson,https://unsplash.com/@reneethompsonco,luxury wedding,jnAlnjFHWGY
luxury_glamour,luxury_glamour_3NfyYN_FoEM.jpg,Reneé Thompson,https://unsplash.com/@reneethompsonco,luxury wedding,3NfyYN_FoEM
luxury_glamour,luxury_glamour_NSrVk18t9kY.jpg,Reneé Thompson,https://unsplash.com/@reneethompsonco,luxury wedding,NSrVk18t9kY
luxury_glamour,luxury_glamour_iV0wtp_m3TQ.jpg,Reneé Thompson,https://unsplash.com/@reneethompsonco,luxury wedding,iV0wtp_m3TQ
luxury_glamour,luxury_glamour_SjM-blv_0DA.jpg,Meg von Haartman,https://unsplash.com/@traveleroohlala,luxury wedding,SjM-blv_0DA
luxury_glamour,luxury_glamour_lb9BZPDE62w.jpg,Reneé Thompson,https://unsplash.com/@reneethompsonco,luxury wedding,lb9BZPDE62w
luxury_glamour,luxury_glamour_3jPeX2NaYIQ.jpg,Micah & Sammie Chaffin,https://unsplash.com/@micahandsammiechaffin,luxury wedding,3jPeX2NaYIQ
luxury_glamour,luxury_glamour_B7qIkwjeizA.jpg,Jonathan Borba,https://unsplash.com/@jonathanborba,luxury wedding,B7qIkwjeizA
luxury_glamour,luxury_glamour_tiIqEDv03kM.jpg,Jonathan Borba,https://unsplash.com/@jonathanborba,luxury wedding,tiIqEDv03kM
luxury_glamour,luxury_glamour_Wx8GxKE25fc.jpg,Reneé Thompson,https://unsplash.com/@reneethompsonco,luxury wedding,Wx8GxKE25fc
luxury_glamour,luxury_glamour_w-oZYCZbDSA.jpg,Reneé Thompson,https://unsplash.com/@reneethompsonco,luxury wedding,w-oZYCZbDSA
luxury_glamour,luxury_glamour_IXVa8OYBtTM.jpg,Micah & Sammie Chaffin,https://unsplash.com/@micahandsammiechaffin,luxury wedding,IXVa8OYBtTM
luxury_glamour,luxury_glamour_8r7ojlJ3dWM.jpg,Ashwini Chaudhary(Monty),https://unsplash.com/@suicide_chewbacca,luxury wedding,8r7ojlJ3dWM
luxury_glamour,luxury_glamour_cpox6XUCDkg.jpg,Philippe Van Doninck,https://unsplash.com/@phillekes,luxury wedding,cpox6XUCDkg
luxury_glamour,luxury_glamour_EY_rkLfraEg.jpg,Micah & Sammie Chaffin,https://unsplash.com/@micahandsammiechaffin,luxury wedding,EY_rkLfraEg
luxury_glamour,luxury_glamour_799_71znQ9Y.jpg,Antonella Quispe Tumay,https://unsplash.com/@onsethour,luxury wedding,799_71znQ9Y
luxury_glamour,luxury_glamour_vAE2_q8N7eI.jpg,Simply thrilled,https://unsplash.com/@simplythrilled_,luxury wedding,vAE2_q8N7eI
luxury_glamour,luxury_glamour_3eI_5CcEOm4.jpg,Meg von Haartman,https://unsplash.com/@traveleroohlala,luxury wedding,3eI_5CcEOm4
luxury_glamour,luxury_glamour_2IxNtgbd2R8.jpg,Jonathan Borba,https://unsplash.com/@jonathanborba,luxury wedding,2IxNtgbd2R8
luxury_glamour,luxury_glamour_fuOk7URPLcw.jpg,HACA Wedding,https://unsplash.com/@hacawedding,luxury wedding,fuOk7URPLcw
luxury_glamour,luxury_glamour__6H7d9y0nww.jpg,Alekon pictures,https://unsplash.com/@alekonpictures,luxury wedding,_6H7d9y0nww
garden_floral,garden_floral_Y53e923x0BU.jpg,Annie Spratt,https://unsplash.com/@anniespratt,garden wedding,Y53e923x0BU
garden_floral,garden_floral_jf787fTKmgo.jpg,Craig Thomas,https://unsplash.com/@craigthomas,garden wedding,jf787fTKmgo
garden_floral,garden_floral_cnsOVIHqsPo.jpg,Simply thrilled,https://unsplash.com/@simplythrilled_,garden wedding,cnsOVIHqsPo
garden_floral,garden_floral_AbVW_O0kR4Y.jpg,Fotógrafo Samuel Cruz,https://unsplash.com/@fotografosamuelcruz,garden wedding,AbVW_O0kR4Y
garden_floral,garden_floral_R93xrxFUsbU.jpg,Fotógrafo Samuel Cruz,https://unsplash.com/@fotografosamuelcruz,garden wedding,R93xrxFUsbU
garden_floral,garden_floral_f8fHP1-XI2Q.jpg,Fotógrafo Samuel Cruz,https://unsplash.com/@fotografosamuelcruz,garden wedding,f8fHP1-XI2Q
garden_floral,garden_floral_RhMeZKDpdlI.jpg,Fotógrafo Samuel Cruz,https://unsplash.com/@fotografosamuelcruz,garden wedding,RhMeZKDpdlI
garden_floral,garden_floral_2prB4nm6V1w.jpg,Fotógrafo Samuel Cruz,https://unsplash.com/@fotografosamuelcruz,garden wedding,2prB4nm6V1w
garden_floral,garden_floral_Voqts1b2S1Y.jpg,Roger Ce,https://unsplash.com/@roger_ce77,garden wedding,Voqts1b2S1Y
garden_floral,garden_floral_swTMHPN2ij0.jpg,Bruno Ngarukiye,https://unsplash.com/@itsbrunoagain,garden wedding,swTMHPN2ij0
garden_floral,garden_floral_takM8tvqOoo.jpg,Fotógrafo Samuel Cruz,https://unsplash.com/@fotografosamuelcruz,garden wedding,takM8tvqOoo
garden_floral,garden_floral_plupMT4nDks.jpg,Fotógrafo Samuel Cruz,https://unsplash.com/@fotografosamuelcruz,garden wedding,plupMT4nDks
garden_floral,garden_floral_rqz9F0IhoCo.jpg,Bruno Ngarukiye,https://unsplash.com/@itsbrunoagain,garden wedding,rqz9F0IhoCo
garden_floral,garden_floral_CzhLNWoEd4A.jpg,Fotógrafo Samuel Cruz,https://unsplash.com/@fotografosamuelcruz,garden wedding,CzhLNWoEd4A
garden_floral,garden_floral_7-ujRQ1zig8.jpg,Fotógrafo Samuel Cruz,https://unsplash.com/@fotografosamuelcruz,garden wedding,7-ujRQ1zig8
garden_floral,garden_floral_dlr-DoLLUks.jpg,Bruno Ngarukiye,https://unsplash.com/@itsbrunoagain,garden wedding,dlr-DoLLUks
garden_floral,garden_floral_b1nL03z_MH0.jpg,Fotógrafo Samuel Cruz,https://unsplash.com/@fotografosamuelcruz,garden wedding,b1nL03z_MH0
garden_floral,garden_floral_XIilyZd6oU0.jpg,Bruno Ngarukiye,https://unsplash.com/@itsbrunoagain,garden wedding,XIilyZd6oU0
garden_floral,garden_floral_lu5hO_fLoQk.jpg,Fotógrafo Samuel Cruz,https://unsplash.com/@fotografosamuelcruz,garden wedding,lu5hO_fLoQk
garden_floral,garden_floral_6UIWfOPVqPc.jpg,Marlis Trio Akbar,https://unsplash.com/@marlis_akbar,garden wedding,6UIWfOPVqPc
garden_floral,garden_floral_Ee36EprPwQo.jpg,Alexander Mass,https://unsplash.com/@alexandermassph,garden wedding,Ee36EprPwQo
garden_floral,garden_floral_tZNg52S9rnQ.jpg,Bruno Ngarukiye,https://unsplash.com/@itsbrunoagain,garden wedding,tZNg52S9rnQ
garden_floral,garden_floral_ZJr6UDhirGI.jpg,Bia Octavia,https://unsplash.com/@biaoctavia,garden wedding,ZJr6UDhirGI
garden_floral,garden_floral_bJPR7RsdBdU.jpg,Bruno Ngarukiye,https://unsplash.com/@itsbrunoagain,garden wedding,bJPR7RsdBdU
garden_floral,garden_floral_qSWpTzl0too.jpg,Volodymyr Lymariev,https://unsplash.com/@vlmrv,garden wedding,qSWpTzl0too
garden_floral,garden_floral_IHEMGfAcM-o.jpg,Aurela Redenica,https://unsplash.com/@aureler,garden wedding,IHEMGfAcM-o
garden_floral,garden_floral_CURTDZlXfZw.jpg,Brooke Balentine,https://unsplash.com/@brookebalentine,garden wedding,CURTDZlXfZw
garden_floral,garden_floral_t1ep0yUdXWw.jpg,Bruno Ngarukiye,https://unsplash.com/@itsbrunoagain,garden wedding,t1ep0yUdXWw
garden_floral,garden_floral_YrThd1lBFu4.jpg,Bruno Ngarukiye,https://unsplash.com/@itsbrunoagain,garden wedding,YrThd1lBFu4
garden_floral,garden_floral_KiU1Du5pONA.jpg,Asdrubal luna,https://unsplash.com/@infectedluna,garden wedding,KiU1Du5pONA
garden_floral,garden_floral_RjgyOT2cYIA.jpg,Aurela Redenica,https://unsplash.com/@aureler,garden wedding,RjgyOT2cYIA
garden_floral,garden_floral_pUuf_CZfWeE.jpg,Bruno Ngarukiye,https://unsplash.com/@itsbrunoagain,garden wedding,pUuf_CZfWeE
garden_floral,garden_floral_aL9OWhvBQ94.jpg,Antonella Quispe Tumay,https://unsplash.com/@onsethour,garden wedding,aL9OWhvBQ94
garden_floral,garden_floral_-bWJ76bOYM0.jpg,Jose Marroquin,https://unsplash.com/@josemarroquin,garden wedding,-bWJ76bOYM0
garden_floral,garden_floral_MNDCQSzdhAw.jpg,paulo bediones,https://unsplash.com/@bedionesp20,garden wedding,MNDCQSzdhAw
garden_floral,garden_floral_v8Cosnsb3_0.jpg,Arisa Chattasa,https://unsplash.com/@golfarisa,garden wedding,v8Cosnsb3_0
garden_floral,garden_floral_-vlo1UqMCf4.jpg,Alin Gavriliuc,https://unsplash.com/@alingavriliuc,garden wedding,-vlo1UqMCf4
garden_floral,garden_floral_x3qTIviR4KU.jpg,Heng Chiu,https://unsplash.com/@chiuchuuu,garden wedding,x3qTIviR4KU
garden_floral,garden_floral_win1ts59Mbw.jpg,Fausto García-Menéndez,https://unsplash.com/@faustogarmen,garden wedding,win1ts59Mbw
garden_floral,garden_floral_Yypcm0DCJtQ.jpg,Emma Frances Logan,https://unsplash.com/@emmafranceslogan,garden wedding,Yypcm0DCJtQ
garden_floral,garden_floral_PK7P9lb87E8.jpg,Tícia Vesztergombi,https://unsplash.com/@vticia,garden wedding,PK7P9lb87E8
garden_floral,garden_floral_C19gKpY2SF4.jpg,Renée van den Kerkhof,https://unsplash.com/@neetjenl,garden wedding,C19gKpY2SF4
garden_floral,garden_floral_aVzU6aud4-A.jpg,Jen Vazquez,https://unsplash.com/@jenvazquezmedia,garden wedding,aVzU6aud4-A
garden_floral,garden_floral_P4fqjlR2KkA.jpg,po yu,https://unsplash.com/@poyu67,garden wedding,P4fqjlR2KkA
garden_floral,garden_floral_7BRCnkNGvYA.jpg,Fotógrafo Samuel Cruz,https://unsplash.com/@fotografosamuelcruz,garden wedding,7BRCnkNGvYA
garden_floral,garden_floral_bWsJdtYpEG8.jpg,Leohoho,https://unsplash.com/@leohoho,garden wedding,bWsJdtYpEG8
garden_floral,garden_floral_qdGFHnN13Wg.jpg,Miguel Constantin Montes,https://unsplash.com/@createwithconstantin,garden wedding,qdGFHnN13Wg
garden_floral,garden_floral_buJVJ-_HiC0.jpg,Jonathan Borba,https://unsplash.com/@jonathanborba,garden wedding,buJVJ-_HiC0
garden_floral,garden_floral_SnoUxdmw7cY.jpg,Em Thain,https://unsplash.com/@thainos,garden wedding,SnoUxdmw7cY
garden_floral,garden_floral_1Rv6dZML1LY.jpg,Meg von Haartman,https://unsplash.com/@traveleroohlala,garden wedding,1Rv6dZML1LY
garden_floral,garden_floral_9Rt5eJCgNAc.jpg,Meg von Haartman,https://unsplash.com/@traveleroohlala,garden wedding,9Rt5eJCgNAc
garden_floral,garden_floral_D4gRqCnCnIM.jpg,Jessica Hearn,https://unsplash.com/@jessica_hearn,garden wedding,D4gRqCnCnIM
garden_floral,garden_floral_pwM7Ei0nmLI.jpg,Roger Ce,https://unsplash.com/@roger_ce77,garden wedding,pwM7Ei0nmLI
garden_floral,garden_floral_LtzCDF9xRjc.jpg,Roger Ce,https://unsplash.com/@roger_ce77,garden wedding,LtzCDF9xRjc
garden_floral,garden_floral_5s5SjGgZte0.jpg,Roger Ce,https://unsplash.com/@roger_ce77,garden wedding,5s5SjGgZte0
garden_floral,garden_floral_f7Z1HtdBe48.jpg,Roger Ce,https://unsplash.com/@roger_ce77,garden wedding,f7Z1HtdBe48
garden_floral,garden_floral_Z6_UW0V6Gak.jpg,Roger Ce,https://unsplash.com/@roger_ce77,garden wedding,Z6_UW0V6Gak
garden_floral,garden_floral_xDSgErcgvZQ.jpg,Roger Ce,https://unsplash.com/@roger_ce77,garden wedding,xDSgErcgvZQ
garden_floral,garden_floral_8OP8uShA-Z4.jpg,Roger Ce,https://unsplash.com/@roger_ce77,garden wedding,8OP8uShA-Z4
garden_floral,garden_floral_VPKr2cy0NGo.jpg,Roger Ce,https://unsplash.com/@roger_ce77,garden wedding,VPKr2cy0NGo
garden_floral,garden_floral_bwoHxMl1kyo.jpg,Roger Ce,https://unsplash.com/@roger_ce77,garden wedding,bwoHxMl1kyo
garden_floral,garden_floral_MtnxuXYXmy8.jpg,Daniela Shams,https://unsplash.com/@daniela_shams,garden wedding,MtnxuXYXmy8
garden_floral,garden_floral_JjCCeUrcjYQ.jpg,Meg von Haartman,https://unsplash.com/@traveleroohlala,garden wedding,JjCCeUrcjYQ
garden_floral,garden_floral_danqt_HxJ6Y.jpg,Chulho Choi,https://unsplash.com/@chulho,garden wedding,danqt_HxJ6Y
garden_floral,garden_floral_4UYm_ZOzgFw.jpg,Laura Oliveira,https://unsplash.com/@lauraaoliveira,garden wedding,4UYm_ZOzgFw
garden_floral,garden_floral_55yBs7r1LH8.jpg,AK,https://unsplash.com/@beingmeak05,garden wedding,55yBs7r1LH8
garden_floral,garden_floral_7TJ4PcJZdC8.jpg,Fotógrafo Samuel Cruz,https://unsplash.com/@fotografosamuelcruz,garden wedding,7TJ4PcJZdC8
garden_floral,garden_floral_TYMg7BRAr7o.jpg,Squids Z,https://unsplash.com/@squids93,garden wedding,TYMg7BRAr7o
garden_floral,garden_floral_GNCIOBIcOKg.jpg,Luba Ertel,https://unsplash.com/@ertelier,garden wedding,GNCIOBIcOKg
garden_floral,garden_floral_0zkNxO_SsHA.jpg,Aurélien Dockwiller,https://unsplash.com/@aurelien_dckw,garden wedding,0zkNxO_SsHA
garden_floral,garden_floral_dHvuMHaAHeY.jpg,Renée van den Kerkhof,https://unsplash.com/@neetjenl,garden wedding,dHvuMHaAHeY
garden_floral,garden_floral_9jcxHKGDdgI.jpg,Renée van den Kerkhof,https://unsplash.com/@neetjenl,garden wedding,9jcxHKGDdgI
garden_floral,garden_floral_-wDn9YslkU0.jpg,Irena Carpaccio,https://unsplash.com/@murpaz,garden wedding,-wDn9YslkU0
garden_floral,garden_floral_aQYYu7892so.jpg,Brett Wharton,https://unsplash.com/@brettwharton,garden wedding,aQYYu7892so
garden_floral,garden_floral_xhypigQShgY.jpg,Irena Carpaccio,https://unsplash.com/@murpaz,garden wedding,xhypigQShgY
garden_floral,garden_floral_e4sTXGYqsek.jpg,Chris Boland,https://unsplash.com/@londonweddingphotographer,garden wedding,e4sTXGYqsek
garden_floral,garden_floral_XBZGaAdo_D8.jpg,Nikolett Emmert,https://unsplash.com/@niki_emmert,garden wedding,XBZGaAdo_D8
garden_floral,garden_floral_J-2mRkJfWPQ.jpg,Nikolett Emmert,https://unsplash.com/@niki_emmert,garden wedding,J-2mRkJfWPQ
garden_floral,garden_floral_nVJuEU3jt2I.jpg,Elizabeth Cullen,https://unsplash.com/@ecullen,garden wedding,nVJuEU3jt2I
garden_floral,garden_floral__iYt-B2JxMI.jpg,Bermix Studio,https://unsplash.com/@bermixstudio,garden wedding,_iYt-B2JxMI
garden_floral,garden_floral_MncFG5PQxN4.jpg,Bruno Ngarukiye,https://unsplash.com/@itsbrunoagain,garden wedding,MncFG5PQxN4
garden_floral,garden_floral_ceuc8OYBWqU.jpg,Nikolett Emmert,https://unsplash.com/@niki_emmert,garden wedding,ceuc8OYBWqU
garden_floral,garden_floral_-WA9CqYJdss.jpg,Laura Oliveira,https://unsplash.com/@lauraaoliveira,garden wedding,-WA9CqYJdss
garden_floral,garden_floral_w5SpCl8C-z0.jpg,ekrem osmanoglu,https://unsplash.com/@konevi,garden wedding,w5SpCl8C-z0
garden_floral,garden_floral_kfIrCfdAVJI.jpg,Bruno Ngarukiye,https://unsplash.com/@itsbrunoagain,garden wedding,kfIrCfdAVJI
garden_floral,garden_floral_obPGqjtZrI8.jpg,sofia inductgroup,https://unsplash.com/@sofia_induct,garden wedding,obPGqjtZrI8
garden_floral,garden_floral_Y0ItqMeGiko.jpg,Dharshi Fernando,https://unsplash.com/@dharshivf,garden wedding,Y0ItqMeGiko
garden_floral,garden_floral_eH7uMU81qe0.jpg,DL314 Lin,https://unsplash.com/@dickenslin76,garden wedding,eH7uMU81qe0
garden_floral,garden_floral_FZNNNLhDjZM.jpg,Bruno Ngarukiye,https://unsplash.com/@itsbrunoagain,garden wedding,FZNNNLhDjZM
garden_floral,garden_floral_OhyYlHZhcVs.jpg,Bruno Ngarukiye,https://unsplash.com/@itsbrunoagain,garden wedding,OhyYlHZhcVs
garden_floral,garden_floral_gs_qEYrlT7w.jpg,MChe Lee,https://unsplash.com/@mclee,garden wedding,gs_qEYrlT7w
garden_floral,garden_floral_OURE7Tc0m6U.jpg,Yomex Owo,https://unsplash.com/@yomex4life,garden wedding,OURE7Tc0m6U
garden_floral,garden_floral_aaqEO4tHnTA.jpg,Duy Le Duc,https://unsplash.com/@leducduy,garden wedding,aaqEO4tHnTA
garden_floral,garden_floral_h6dodyNh95c.jpg,Bruno Ngarukiye,https://unsplash.com/@itsbrunoagain,garden wedding,h6dodyNh95c
garden_floral,garden_floral_xaZgyufKdKM.jpg,Kazuyuki AOKI,https://unsplash.com/@kazz_aoki,garden wedding,xaZgyufKdKM
garden_floral,garden_floral_PV8POM2wvYQ.jpg,Kazuyuki AOKI,https://unsplash.com/@kazz_aoki,garden wedding,PV8POM2wvYQ
garden_floral,garden_floral_deXcBkO_pos.jpg,MChe Lee,https://unsplash.com/@mclee,garden wedding,deXcBkO_pos
garden_floral,garden_floral_3rXjwDufAZw.jpg,Radek Kilijanek,https://unsplash.com/@radek_blackseven,garden wedding,3rXjwDufAZw
garden_floral,garden_floral_ac4KpOCAJoQ.jpg,Christina,https://unsplash.com/@christina_92,garden wedding,ac4KpOCAJoQ
garden_floral,garden_floral_Y4H_iDdmJVs.jpg,Elist Nguyen,https://unsplash.com/@hieuanhcauam,garden wedding,Y4H_iDdmJVs
garden_floral,garden_floral_iogxwLkf9Lg.jpg,Shu Xiao,https://unsplash.com/@purity929,garden wedding,iogxwLkf9Lg
garden_floral,garden_floral_IcoWt78gJCs.jpg,Antonella Quispe Tumay,https://unsplash.com/@onsethour,garden wedding,IcoWt78gJCs
garden_floral,garden_floral_5gzOt9wTjYM.jpg,Avi Varma,https://unsplash.com/@avivarma,garden wedding,5gzOt9wTjYM
garden_floral,garden_floral_x7ZBOQUM46Y.jpg,FloatFlower Huang,https://unsplash.com/@floatflower,garden wedding,x7ZBOQUM46Y
garden_floral,garden_floral_gmht0u9FfLI.jpg,Maria,https://unsplash.com/@mariashanina,garden wedding,gmht0u9FfLI
garden_floral,garden_floral_wWCMcEBZMCU.jpg,Sou Jest,https://unsplash.com/@soujest,garden wedding,wWCMcEBZMCU
garden_floral,garden_floral_TxXuwFgYhKY.jpg,Annie Spratt,https://unsplash.com/@anniespratt,garden wedding,TxXuwFgYhKY
garden_floral,garden_floral_MKu0jZ2l62Q.jpg,enkuu smile,https://unsplash.com/@enkuu,garden wedding,MKu0jZ2l62Q
garden_floral,garden_floral_X45v9PkaZEI.jpg,Jonathan Borba,https://unsplash.com/@jonathanborba,garden wedding,X45v9PkaZEI
garden_floral,garden_floral_Az37xWxlS1A.jpg,Cristina Pop,https://unsplash.com/@fotocriss,garden wedding,Az37xWxlS1A
garden_floral,garden_floral_ST7XvolMlNg.jpg,Alin Gavriliuc,https://unsplash.com/@alingavriliuc,garden wedding,ST7XvolMlNg
garden_floral,garden_floral_ZTuxiPQs3ao.jpg,Avinash Kumar,https://unsplash.com/@ashishjha,garden wedding,ZTuxiPQs3ao
garden_floral,garden_floral_xfwvQkn4hMU.jpg,Nicolae-George Nedelcu,https://unsplash.com/@nicgeo99,garden wedding,xfwvQkn4hMU
garden_floral,garden_floral_xG3f1bl69e4.jpg,Alin Gavriliuc,https://unsplash.com/@alingavriliuc,garden wedding,xG3f1bl69e4
garden_floral,garden_floral_MvCdoxYUVTw.jpg,Sampath Liyanage,https://unsplash.com/@natural4k,garden wedding,MvCdoxYUVTw
garden_floral,garden_floral_CO3IBK8eeyM.jpg,Bernd 📷 Dittrich,https://unsplash.com/@hdbernd,garden wedding,CO3IBK8eeyM
garden_floral,garden_floral_PLUiEC32E2k.jpg,Pavel Neznanov,https://unsplash.com/@npi,garden wedding,PLUiEC32E2k
garden_floral,garden_floral_ZfkhODSlS-c.jpg,Alin Gavriliuc,https://unsplash.com/@alingavriliuc,garden wedding,ZfkhODSlS-c
minimalist_modern,minimalist_modern_3BSjYrrohXc.jpg,Anna Khromova,https://unsplash.com/@anna_khromova,minimalist wedding,3BSjYrrohXc
minimalist_modern,minimalist_modern_L-dd_zXLovI.jpg,Filipp Romanovski,https://unsplash.com/@filipp_roman_photography,minimalist wedding,L-dd_zXLovI
minimalist_modern,minimalist_modern_8iq2-xcCL60.jpg,Khoai Tây,https://unsplash.com/@halongxinhstudio,minimalist wedding,8iq2-xcCL60
minimalist_modern,minimalist_modern_v7nmJ1vBZwI.jpg,Micah & Sammie Chaffin,https://unsplash.com/@micahandsammiechaffin,minimalist wedding,v7nmJ1vBZwI
minimalist_modern,minimalist_modern_KbaemlXJoIY.jpg,Henri Pham,https://unsplash.com/@henrihere,minimalist wedding,KbaemlXJoIY
minimalist_modern,minimalist_modern_1Ue2NvWUVMI.jpg,thuong uyen dinh,https://unsplash.com/@uyen1991,minimalist wedding,1Ue2NvWUVMI
minimalist_modern,minimalist_modern_BiT7NBELhTg.jpg,Micah & Sammie Chaffin,https://unsplash.com/@micahandsammiechaffin,minimalist wedding,BiT7NBELhTg
minimalist_modern,minimalist_modern_tCYWZZFEOxc.jpg,Briana Autran,https://unsplash.com/@brianaautran,minimalist wedding,tCYWZZFEOxc
minimalist_modern,minimalist_modern_TmD44dmf7W4.jpg,shahin khalaji,https://unsplash.com/@shahinkhalaji,minimalist wedding,TmD44dmf7W4
minimalist_modern,minimalist_modern_vtKr_wHuNHg.jpg,Micah & Sammie Chaffin,https://unsplash.com/@micahandsammiechaffin,minimalist wedding,vtKr_wHuNHg
minimalist_modern,minimalist_modern_UpEzGVpL63E.jpg,Micah & Sammie Chaffin,https://unsplash.com/@micahandsammiechaffin,minimalist wedding,UpEzGVpL63E
minimalist_modern,minimalist_modern_hCiW67YR_8s.jpg,Sang Tran,https://unsplash.com/@sangtran98,minimalist wedding,hCiW67YR_8s
minimalist_modern,minimalist_modern_K18Hlh4XBG0.jpg,Andres Molina,https://unsplash.com/@nomadicfitlust,minimalist wedding,K18Hlh4XBG0
minimalist_modern,minimalist_modern_P4aZQfWD5tk.jpg,Xuan Thu Le,https://unsplash.com/@virgoman90,minimalist wedding,P4aZQfWD5tk
minimalist_modern,minimalist_modern_JDFPsqeNDLc.jpg,Pedro Pulido,https://unsplash.com/@pedropulidophotography,minimalist wedding,JDFPsqeNDLc
minimalist_modern,minimalist_modern_oUhlJR1XajY.jpg,Micah & Sammie Chaffin,https://unsplash.com/@micahandsammiechaffin,minimalist wedding,oUhlJR1XajY
minimalist_modern,minimalist_modern_kl22CsySpcw.jpg,insung yoon,https://unsplash.com/@insungpandora,minimalist wedding,kl22CsySpcw
minimalist_modern,minimalist_modern_lvtrvTQlrWY.jpg,550Park Luxury Wedding Films,https://unsplash.com/@550park,minimalist wedding,lvtrvTQlrWY
minimalist_modern,minimalist_modern_wrkG_MwXFA4.jpg,Huỳnh Tiến,https://unsplash.com/@kasht,minimalist wedding,wrkG_MwXFA4
minimalist_modern,minimalist_modern_3R7ynwyPkh8.jpg,Bin Thieu,https://unsplash.com/@binthieu,minimalist wedding,3R7ynwyPkh8
minimalist_modern,minimalist_modern__DzLikUnzA0.jpg,Andres Molina,https://unsplash.com/@nomadicfitlust,minimalist wedding,_DzLikUnzA0
minimalist_modern,minimalist_modern_0W116tk3X7Y.jpg,Kari Bjorn Photography,https://unsplash.com/@karibjorn,minimalist wedding,0W116tk3X7Y
minimalist_modern,minimalist_modern_nU2yYwJb5H8.jpg,RAPHAEL MAKSIAN,https://unsplash.com/@photograffihk,minimalist wedding,nU2yYwJb5H8
minimalist_modern,minimalist_modern_fEqKjlYbS7k.jpg,Micah & Sammie Chaffin,https://unsplash.com/@micahandsammiechaffin,minimalist wedding,fEqKjlYbS7k
minimalist_modern,minimalist_modern_lAYQfuAVJxI.jpg,Jonathan Borba,https://unsplash.com/@jonathanborba,minimalist wedding,lAYQfuAVJxI
minimalist_modern,minimalist_modern_433RDH_M9PE.jpg,Virginia Marinova,https://unsplash.com/@virginiaphotostories,minimalist wedding,433RDH_M9PE
minimalist_modern,minimalist_modern_5ydKHOq3zpU.jpg,Sou Jest,https://unsplash.com/@soujest,minimalist wedding,5ydKHOq3zpU
minimalist_modern,minimalist_modern_ANPZ8byFK04.jpg,Jonathan Borba,https://unsplash.com/@jonathanborba,minimalist wedding,ANPZ8byFK04
minimalist_modern,minimalist_modern_WTKMtr-fn-4.jpg,Thái An,https://unsplash.com/@johnn21,minimalist wedding,WTKMtr-fn-4
minimalist_modern,minimalist_modern_o0M-B2t4dhY.jpg,Fahmy Taza,https://unsplash.com/@fahmytaza,minimalist wedding,o0M-B2t4dhY
minimalist_modern,minimalist_modern_zgbrcMCJjeo.jpg,Javier González Fotógrafo,https://unsplash.com/@livingcolortj,minimalist wedding,zgbrcMCJjeo
minimalist_modern,minimalist_modern_J03naJJT29c.jpg,Sang Tran,https://unsplash.com/@sangtran98,minimalist wedding,J03naJJT29c
minimalist_modern,minimalist_modern_q0cfK0WgKlM.jpg,550Park Luxury Wedding Films,https://unsplash.com/@550park,minimalist wedding,q0cfK0WgKlM
minimalist_modern,minimalist_modern_abeSoDXPs7w.jpg,Kadarius Seegars,https://unsplash.com/@kseegars,minimalist wedding,abeSoDXPs7w
minimalist_modern,minimalist_modern_8JOd-gHfrec.jpg,Dmitry Rodionov,https://unsplash.com/@knuckles_echidna,minimalist wedding,8JOd-gHfrec
minimalist_modern,minimalist_modern_6rs4GcWtQwE.jpg,Masood Aslami,https://unsplash.com/@masoodaslami,minimalist wedding,6rs4GcWtQwE
minimalist_modern,minimalist_modern_e3jTeFEuNxM.jpg,JAN Pictures,https://unsplash.com/@janpictures,minimalist wedding,e3jTeFEuNxM
minimalist_modern,minimalist_modern_YtEL2HKlfNs.jpg,550Park Luxury Wedding Films,https://unsplash.com/@550park,minimalist wedding,YtEL2HKlfNs
minimalist_modern,minimalist_modern_snMQoxQadhQ.jpg,550Park Luxury Wedding Films,https://unsplash.com/@550park,minimalist wedding,snMQoxQadhQ
minimalist_modern,minimalist_modern_dS87qokCAC4.jpg,Sinitta Leunen,https://unsplash.com/@sinileunen,minimalist wedding,dS87qokCAC4
minimalist_modern,minimalist_modern_F4TMicEzbYg.jpg,Alvin Mahmudov,https://unsplash.com/@alvinmahmudov,minimalist wedding,F4TMicEzbYg
minimalist_modern,minimalist_modern_1ov3xb8LFaU.jpg,Martin Baron,https://unsplash.com/@elmartinbaron,minimalist wedding,1ov3xb8LFaU
minimalist_modern,minimalist_modern_lkkjO1_-GGc.jpg,Nitta Wang,https://unsplash.com/@wang_nitta,minimalist wedding,lkkjO1_-GGc
minimalist_modern,minimalist_modern_phc_9f3NgkA.jpg,Olga Solo,https://unsplash.com/@olyushkaso,minimalist wedding,phc_9f3NgkA
minimalist_modern,minimalist_modern_fYSSNuliMs8.jpg,Darya Ezerskaya,https://unsplash.com/@darya_ezerskaya,minimalist wedding,fYSSNuliMs8
minimalist_modern,minimalist_modern_Wtj2hzOux-0.jpg,550Park Luxury Wedding Films,https://unsplash.com/@550park,minimalist wedding,Wtj2hzOux-0
minimalist_modern,minimalist_modern_NzaCcE-bVpc.jpg,billow926,https://unsplash.com/@billow926,minimalist wedding,NzaCcE-bVpc
minimalist_modern,minimalist_modern_ShEuc7fCL0g.jpg,Jon Tyson,https://unsplash.com/@jontyson,minimalist wedding,ShEuc7fCL0g
minimalist_modern,minimalist_modern_Rd6gi9Qd5Bs.jpg,Sabesh Photography LTD,https://unsplash.com/@sabesh,minimalist wedding,Rd6gi9Qd5Bs
minimalist_modern,minimalist_modern_2I0GbM111c4.jpg,Jocelyn Allen,https://unsplash.com/@jocallen,minimalist wedding,2I0GbM111c4
minimalist_modern,minimalist_modern_J7xuJTgUeME.jpg,Jocelyn Allen,https://unsplash.com/@jocallen,minimalist wedding,J7xuJTgUeME
minimalist_modern,minimalist_modern_ux8dyNfp0OQ.jpg,550Park Luxury Wedding Films,https://unsplash.com/@550park,minimalist wedding,ux8dyNfp0OQ
minimalist_modern,minimalist_modern_GJdiBuRxpCU.jpg,Chermiti Mohamed,https://unsplash.com/@chermitovee,minimalist wedding,GJdiBuRxpCU
minimalist_modern,minimalist_modern_0JYiGbckYLU.jpg,Rahadiansyah,https://unsplash.com/@rahadiansyah,minimalist wedding,0JYiGbckYLU
minimalist_modern,minimalist_modern_pMSe6L4fZvM.jpg,Jocelyn Allen,https://unsplash.com/@jocallen,minimalist wedding,pMSe6L4fZvM
minimalist_modern,minimalist_modern_UwvmaN0VZ_M.jpg,550Park Luxury Wedding Films,https://unsplash.com/@550park,minimalist wedding,UwvmaN0VZ_M
minimalist_modern,minimalist_modern_MFqi_55Zluk.jpg,Stephanie Hernandez,https://unsplash.com/@whitecanvascreative,minimalist wedding,MFqi_55Zluk
minimalist_modern,minimalist_modern_WK1PjeKF3iI.jpg,East Meets Dress,https://unsplash.com/@eastmeetsdress,minimalist wedding,WK1PjeKF3iI
minimalist_modern,minimalist_modern_NEDhkjhZJrA.jpg,Fotógrafo Samuel Cruz,https://unsplash.com/@fotografosamuelcruz,minimalist wedding,NEDhkjhZJrA
minimalist_modern,minimalist_modern_8iK9UrJFI0I.jpg,550Park Luxury Wedding Films,https://unsplash.com/@550park,minimalist wedding,8iK9UrJFI0I
minimalist_modern,minimalist_modern_z65GAXEhAv4.jpg,Jonathan Borba,https://unsplash.com/@jonathanborba,minimalist wedding,z65GAXEhAv4
minimalist_modern,minimalist_modern__L3ELPM_Z-g.jpg,550Park Luxury Wedding Films,https://unsplash.com/@550park,minimalist wedding,_L3ELPM_Z-g
minimalist_modern,minimalist_modern_gTnE3rp0DEU.jpg,Wenny Chen,https://unsplash.com/@1223dww,minimalist wedding,gTnE3rp0DEU
minimalist_modern,minimalist_modern_5-91F4MZLig.jpg,lucas mendes,https://unsplash.com/@lucasmendesph,minimalist wedding,5-91F4MZLig
minimalist_modern,minimalist_modern_Am-kE4sFUMY.jpg,Dmitry Rodionov,https://unsplash.com/@knuckles_echidna,minimalist wedding,Am-kE4sFUMY
minimalist_modern,minimalist_modern_wXAag1mhi8U.jpg,Fotógrafo Samuel Cruz,https://unsplash.com/@fotografosamuelcruz,minimalist wedding,wXAag1mhi8U
minimalist_modern,minimalist_modern__L34ZZm57x8.jpg,Mohammad Reza,https://unsplash.com/@razee48,minimalist wedding,_L34ZZm57x8
minimalist_modern,minimalist_modern_qlQ0-dVjPzI.jpg,550Park Luxury Wedding Films,https://unsplash.com/@550park,minimalist wedding,qlQ0-dVjPzI
minimalist_modern,minimalist_modern_TI9V_9F8oVI.jpg,550Park Luxury Wedding Films,https://unsplash.com/@550park,minimalist wedding,TI9V_9F8oVI
minimalist_modern,minimalist_modern_vkBEIpqJH1Y.jpg,Jonathan Borba,https://unsplash.com/@jonathanborba,minimalist wedding,vkBEIpqJH1Y
minimalist_modern,minimalist_modern_LA9s_6cEYWA.jpg,Briana Autran,https://unsplash.com/@brianaautran,minimalist wedding,LA9s_6cEYWA
minimalist_modern,minimalist_modern_UwDBp4w8D1c.jpg,Dmitry Rodionov,https://unsplash.com/@knuckles_echidna,minimalist wedding,UwDBp4w8D1c
minimalist_modern,minimalist_modern_wmA7alHvtDM.jpg,550Park Luxury Wedding Films,https://unsplash.com/@550park,minimalist wedding,wmA7alHvtDM
minimalist_modern,minimalist_modern_3NOk7a-riK4.jpg,Fahmi Ramadhan,https://unsplash.com/@fhmi29,minimalist wedding,3NOk7a-riK4
minimalist_modern,minimalist_modern_8D3WiAQNans.jpg,Kailun Zhang,https://unsplash.com/@kailun2019,minimalist wedding,8D3WiAQNans
minimalist_modern,minimalist_modern_roB42TR8WLU.jpg,Jonathan Borba,https://unsplash.com/@jonathanborba,minimalist wedding,roB42TR8WLU
minimalist_modern,minimalist_modern_KN23NjXegw4.jpg,East Meets Dress,https://unsplash.com/@eastmeetsdress,minimalist wedding,KN23NjXegw4
minimalist_modern,minimalist_modern_LaM31O2NlEc.jpg,550Park Luxury Wedding Films,https://unsplash.com/@550park,minimalist wedding,LaM31O2NlEc
minimalist_modern,minimalist_modern_Yd6cy1MLdLo.jpg,XS Xue,https://unsplash.com/@kngstm,minimalist wedding,Yd6cy1MLdLo
minimalist_modern,minimalist_modern_UW6UA2cjGsA.jpg,Rio Syhputra,https://unsplash.com/@lingkarphoto,minimalist wedding,UW6UA2cjGsA
minimalist_modern,minimalist_modern_Eo034F_Y5Tc.jpg,Dmitry Rodionov,https://unsplash.com/@knuckles_echidna,minimalist wedding,Eo034F_Y5Tc
minimalist_modern,minimalist_modern_MBKmzhluEp4.jpg,𝐏𝐎𝐑𝐓𝐑𝐀𝐈𝐓 𝐏𝐈𝐂𝐓𝐔𝐑𝐄𝕊,https://unsplash.com/@portraitpictures2025,minimalist wedding,MBKmzhluEp4
minimalist_modern,minimalist_modern_qegon1TvRxI.jpg,Dmitry Rodionov,https://unsplash.com/@knuckles_echidna,minimalist wedding,qegon1TvRxI
minimalist_modern,minimalist_modern_fxKdmmyZ908.jpg,Branislav Rodman,https://unsplash.com/@branislavrodman,minimalist wedding,fxKdmmyZ908
minimalist_modern,minimalist_modern_i3vP2YmV9Iw.jpg,Lena,https://unsplash.com/@caspersomia,minimalist wedding,i3vP2YmV9Iw
minimalist_modern,minimalist_modern_vz4UH1o1mP8.jpg,MBA studio,https://unsplash.com/@ndl_11,minimalist wedding,vz4UH1o1mP8
minimalist_modern,minimalist_modern_B2POPSR3zQo.jpg,Gift Habeshaw,https://unsplash.com/@gift_habeshaw,minimalist wedding,B2POPSR3zQo
minimalist_modern,minimalist_modern_5PHiAPTtM5k.jpg,Bin Thieu,https://unsplash.com/@binthieu,minimalist wedding,5PHiAPTtM5k
minimalist_modern,minimalist_modern_5tHaEOvczII.jpg,Minh Dang,https://unsplash.com/@dangminh97,minimalist wedding,5tHaEOvczII
minimalist_modern,minimalist_modern_8ks9pUngYfQ.jpg,Galuh hari setiawan,https://unsplash.com/@kosafoto,minimalist wedding,8ks9pUngYfQ
minimalist_modern,minimalist_modern_zkV2kAGgjOU.jpg,Rafa Sanfilippo,https://unsplash.com/@rafasanfilippo,minimalist wedding,zkV2kAGgjOU
minimalist_modern,minimalist_modern_ft70hxS6ouI.jpg,光术 山影,https://unsplash.com/@mrtiger,minimalist wedding,ft70hxS6ouI
minimalist_modern,minimalist_modern_mI7BlPJPL7I.jpg,Amy Humphries,https://unsplash.com/@amyjoyhumphries,minimalist wedding,mI7BlPJPL7I
minimalist_modern,minimalist_modern_gY5GFVIRxfI.jpg,Dmitry Rodionov,https://unsplash.com/@knuckles_echidna,minimalist wedding,gY5GFVIRxfI
minimalist_modern,minimalist_modern_5zC7Te6cWvQ.jpg,550Park Luxury Wedding Films,https://unsplash.com/@550park,minimalist wedding,5zC7Te6cWvQ
minimalist_modern,minimalist_modern_vybREp0GfuI.jpg,550Park Luxury Wedding Films,https://unsplash.com/@550park,minimalist wedding,vybREp0GfuI
minimalist_modern,minimalist_modern_lCYr1GLRrtA.jpg,Marius Muresan,https://unsplash.com/@muresan113,minimalist wedding,lCYr1GLRrtA
minimalist_modern,minimalist_modern_CWQWZRFvPq0.jpg,Thái An,https://unsplash.com/@johnn21,minimalist wedding,CWQWZRFvPq0
minimalist_modern,minimalist_modern_T11dDbFuLtg.jpg,Kate Kjeldgaard,https://unsplash.com/@katybug0,minimalist wedding,T11dDbFuLtg
minimalist_modern,minimalist_modern_M16s3LzI8MQ.jpg,550Park Luxury Wedding Films,https://unsplash.com/@550park,minimalist wedding,M16s3LzI8MQ
minimalist_modern,minimalist_modern_9rnvSIFR4w8.jpg,pai pai,https://unsplash.com/@paipai90,minimalist wedding,9rnvSIFR4w8
minimalist_modern,minimalist_modern_MsnYryga3fk.jpg,550Park Luxury Wedding Films,https://unsplash.com/@550park,minimalist wedding,MsnYryga3fk
minimalist_modern,minimalist_modern_kiAHo9m518Q.jpg,Jocelyn Allen,https://unsplash.com/@jocallen,minimalist wedding,kiAHo9m518Q
minimalist_modern,minimalist_modern_xuZFDW9F1Y4.jpg,Chris,https://unsplash.com/@chris_ainsworth22,minimalist wedding,xuZFDW9F1Y4
minimalist_modern,minimalist_modern_EfYfHU1kEtw.jpg,Thái An,https://unsplash.com/@johnn21,minimalist wedding,EfYfHU1kEtw
minimalist_modern,minimalist_modern_ZNK5ipHbGFk.jpg,J Y,https://unsplash.com/@with_joan,minimalist wedding,ZNK5ipHbGFk
minimalist_modern,minimalist_modern_3huHdBH0ZTQ.jpg,550Park Luxury Wedding Films,https://unsplash.com/@550park,minimalist wedding,3huHdBH0ZTQ
minimalist_modern,minimalist_modern_7_RDVRgwNow.jpg,Elias Derksen,https://unsplash.com/@eliasderksen_photos,minimalist wedding,7_RDVRgwNow
minimalist_modern,minimalist_modern_Y2iu54JFRoE.jpg,Annie Spratt,https://unsplash.com/@anniespratt,minimalist wedding,Y2iu54JFRoE
minimalist_modern,minimalist_modern_55XxrexRpKU.jpg,Jonathan Borba,https://unsplash.com/@jonathanborba,minimalist wedding,55XxrexRpKU
minimalist_modern,minimalist_modern_iE8jFabIBkQ.jpg,550Park Luxury Wedding Films,https://unsplash.com/@550park,minimalist wedding,iE8jFabIBkQ
minimalist_modern,minimalist_modern_suOqeyIvpcU.jpg,Mexsss__,https://unsplash.com/@mexsss,minimalist wedding,suOqeyIvpcU
minimalist_modern,minimalist_modern_hdBUu8cieoQ.jpg,550Park Luxury Wedding Films,https://unsplash.com/@550park,minimalist wedding,hdBUu8cieoQ
minimalist_modern,minimalist_modern_M8Ok0a50H3I.jpg,Petra Ticic,https://unsplash.com/@ledoristudio,minimalist wedding,M8Ok0a50H3I
minimalist_modern,minimalist_modern_v9GWXKMvGpg.jpg,Jonathan Borba,https://unsplash.com/@jonathanborba,minimalist wedding,v9GWXKMvGpg
minimalist_modern,minimalist_modern_-xq2wtcDSsQ.jpg,Dinuka De Silva,https://unsplash.com/@dinukade,minimalist wedding,-xq2wtcDSsQ
minimalist_modern,minimalist_modern_cnO9IQzhUbI.jpg,Vino Li,https://unsplash.com/@vinomamba24,minimalist wedding,cnO9IQzhUbI
minimalist_modern,minimalist_modern_TsdDPnG-bHE.jpg,Filipp Romanovski,https://unsplash.com/@filipp_roman_photography,minimalist wedding,TsdDPnG-bHE
minimalist_modern,minimalist_modern_J-JXpEVIBmg.jpg,Amy Humphries,https://unsplash.com/@amyjoyhumphries,minimalist wedding,J-JXpEVIBmg
minimalist_modern,minimalist_modern_gBFmZRtAoLY.jpg,Erick Matahine,https://unsplash.com/@erick_matahine,minimalist wedding,gBFmZRtAoLY
minimalist_modern,minimalist_modern_1nMDh85DZ28.jpg,Olga Solo,https://unsplash.com/@olyushkaso,minimalist wedding,1nMDh85DZ28
minimalist_modern,minimalist_modern_5GFSekBlSv8.jpg,Elist Nguyen,https://unsplash.com/@hieuanhcauam,minimalist wedding,5GFSekBlSv8
minimalist_modern,minimalist_modern_oyO52n1lSOs.jpg,Wesley Tingey,https://unsplash.com/@wesleyphotography,minimalist wedding,oyO52n1lSOs
minimalist_modern,minimalist_modern_LAxCZLmAxrI.jpg,Wesley Tingey,https://unsplash.com/@wesleyphotography,minimalist wedding,LAxCZLmAxrI
minimalist_modern,minimalist_modern_imMDYSB0Z4A.jpg,tommao wang,https://unsplash.com/@tommaomaoer,minimalist wedding,imMDYSB0Z4A
minimalist_modern,minimalist_modern_WvOCuZw57P4.jpg,Annie Spratt,https://unsplash.com/@anniespratt,minimalist wedding,WvOCuZw57P4
minimalist_modern,minimalist_modern_1RmZAGdSLqY.jpg,JOVS Beauty,https://unsplash.com/@jovsbeauty,minimalist wedding,1RmZAGdSLqY
traditional_classic,traditional_classic_bWQ6-0c_ZcM.jpg,Jayesh Jalodara,https://unsplash.com/@jalodarajk,traditional wedding,bWQ6-0c_ZcM
traditional_classic,traditional_classic_bTdn4zGz4BQ.jpg,Vaibhav Nagare,https://unsplash.com/@vaibhavnagare,traditional wedding,bTdn4zGz4BQ
traditional_classic,traditional_classic_OzyvCE9a60M.jpg,Sabesh Photography LTD,https://unsplash.com/@sabesh,traditional wedding,OzyvCE9a60M
traditional_classic,traditional_classic_AeHQ5sAukuM.jpg,iKshana Productions,https://unsplash.com/@ikshanaproductions,traditional wedding,AeHQ5sAukuM
traditional_classic,traditional_classic_xTEho8-HGD8.jpg,Avinash Uppuluri,https://unsplash.com/@uppu1988,traditional wedding,xTEho8-HGD8
traditional_classic,traditional_classic_REmCdjjUeB8.jpg,AMISH THAKKAR,https://unsplash.com/@amishthakkar,traditional wedding,REmCdjjUeB8
traditional_classic,traditional_classic_lvW_dm-B6b8.jpg,Sabesh Photography LTD,https://unsplash.com/@sabesh,traditional wedding,lvW_dm-B6b8
traditional_classic,traditional_classic_WGUTTnOWNvs.jpg,rajat sarki,https://unsplash.com/@rajat_sarki,traditional wedding,WGUTTnOWNvs
traditional_classic,traditional_classic_yRS4YjniMhs.jpg,iKshana Productions,https://unsplash.com/@ikshanaproductions,traditional wedding,yRS4YjniMhs
traditional_classic,traditional_classic_H731UGdlI00.jpg,iKshana Productions,https://unsplash.com/@ikshanaproductions,traditional wedding,H731UGdlI00
traditional_classic,traditional_classic_kvNbOWrcE7k.jpg,Sanket Mishra,https://unsplash.com/@sanketgraphy,traditional wedding,kvNbOWrcE7k
traditional_classic,traditional_classic_rFbLkB33lZQ.jpg,Artem Beliaikin,https://unsplash.com/@belart84,traditional wedding,rFbLkB33lZQ
traditional_classic,traditional_classic_AT0kW3ammvc.jpg,Vetrivel Viswanathar,https://unsplash.com/@vetrivikashviswanathar,traditional wedding,AT0kW3ammvc
traditional_classic,traditional_classic_xJJHqXYyYbI.jpg,Vetrivel Viswanathar,https://unsplash.com/@vetrivikashviswanathar,traditional wedding,xJJHqXYyYbI
traditional_classic,traditional_classic_l7EBmhdZIfs.jpg,Sushanta Rokka,https://unsplash.com/@sanoyatra,traditional wedding,l7EBmhdZIfs
traditional_classic,traditional_classic_kQxp2SE-P68.jpg,Sushanta Rokka,https://unsplash.com/@sanoyatra,traditional wedding,kQxp2SE-P68
traditional_classic,traditional_classic_TusMg03NLf4.jpg,Arka Karmakar,https://unsplash.com/@arkakarmakar97,traditional wedding,TusMg03NLf4
traditional_classic,traditional_classic_qZg9aQRtk-U.jpg,Sushanta Rokka,https://unsplash.com/@sanoyatra,traditional wedding,qZg9aQRtk-U
traditional_classic,traditional_classic_2emJDzd0K90.jpg,Ken S,https://unsplash.com/@chum94555,traditional wedding,2emJDzd0K90
traditional_classic,traditional_classic_q4yU_bgjYZQ.jpg,Ken S,https://unsplash.com/@chum94555,traditional wedding,q4yU_bgjYZQ
traditional_classic,traditional_classic_JEYGO-0sqjk.jpg,Manoj Chauhan,https://unsplash.com/@manojchauhan48,traditional wedding,JEYGO-0sqjk
traditional_classic,traditional_classic_lt9zuzZd1K0.jpg,Ken S,https://unsplash.com/@chum94555,traditional wedding,lt9zuzZd1K0
traditional_classic,traditional_classic_EO_CUrmcvEI.jpg,Bunting Kargbo,https://unsplash.com/@buntingamir,traditional wedding,EO_CUrmcvEI
traditional_classic,traditional_classic_bK8j94k9Se8.jpg,Sushanta Rokka,https://unsplash.com/@sanoyatra,traditional wedding,bK8j94k9Se8
traditional_classic,traditional_classic_hfhhehyK5bs.jpg,Mezidi Zineb,https://unsplash.com/@mezidi_zineb,traditional wedding,hfhhehyK5bs
traditional_classic,traditional_classic_5gj474uXrrA.jpg,Pedro Pulido,https://unsplash.com/@pedropulidophotography,traditional wedding,5gj474uXrrA
traditional_classic,traditional_classic_Z433Kp4-9x4.jpg,Rejaul Karim,https://unsplash.com/@rejaul_creativedesign,traditional wedding,Z433Kp4-9x4
traditional_classic,traditional_classic_DGbYxcBebk8.jpg,Sushanta Rokka,https://unsplash.com/@sanoyatra,traditional wedding,DGbYxcBebk8
traditional_classic,traditional_classic_lxt1K3-O1vM.jpg,AL Kaium,https://unsplash.com/@al_kaium,traditional wedding,lxt1K3-O1vM
traditional_classic,traditional_classic_qxI6jZ3g0oo.jpg,Sushanta Rokka,https://unsplash.com/@sanoyatra,traditional wedding,qxI6jZ3g0oo
traditional_classic,traditional_classic_MDaD_usOE90.jpg,BenMoses M,https://unsplash.com/@im_benmoses,traditional wedding,MDaD_usOE90
traditional_classic,traditional_classic_WUKuODM1DZw.jpg,AL Kaium,https://unsplash.com/@al_kaium,traditional wedding,WUKuODM1DZw
traditional_classic,traditional_classic_Daf0AyGH_yw.jpg,Sushanta Rokka,https://unsplash.com/@sanoyatra,traditional wedding,Daf0AyGH_yw
traditional_classic,traditional_classic_EYHSwwWyQWg.jpg,Rejaul Karim,https://unsplash.com/@rejaul_creativedesign,traditional wedding,EYHSwwWyQWg
traditional_classic,traditional_classic_nX_xipClZX4.jpg,Mezidi Zineb,https://unsplash.com/@mezidi_zineb,traditional wedding,nX_xipClZX4
traditional_classic,traditional_classic_iBNA_fHgiU4.jpg,Sushanta Rokka,https://unsplash.com/@sanoyatra,traditional wedding,iBNA_fHgiU4
traditional_classic,traditional_classic_IOI7Z76JY1k.jpg,Bunting Kargbo,https://unsplash.com/@buntingamir,traditional wedding,IOI7Z76JY1k
traditional_classic,traditional_classic_IoS0TjhP998.jpg,Sushanta Rokka,https://unsplash.com/@sanoyatra,traditional wedding,IoS0TjhP998
traditional_classic,traditional_classic_GOALmjrhcFo.jpg,Sushanta Rokka,https://unsplash.com/@sanoyatra,traditional wedding,GOALmjrhcFo
traditional_classic,traditional_classic_DdMfhbx5-LU.jpg,Bunting Kargbo,https://unsplash.com/@buntingamir,traditional wedding,DdMfhbx5-LU
traditional_classic,traditional_classic_34ZQiVkvDYk.jpg,Yoav Aziz,https://unsplash.com/@yoavaziz,traditional wedding,34ZQiVkvDYk
traditional_classic,traditional_classic_QNYFV2smeps.jpg,Bunting Kargbo,https://unsplash.com/@buntingamir,traditional wedding,QNYFV2smeps
traditional_classic,traditional_classic_aeUQJdJT1_o.jpg,Sushanta Rokka,https://unsplash.com/@sanoyatra,traditional wedding,aeUQJdJT1_o
traditional_classic,traditional_classic_yEg_THl6lQA.jpg,Sushanta Rokka,https://unsplash.com/@sanoyatra,traditional wedding,yEg_THl6lQA
traditional_classic,traditional_classic_9J3Ob0OIJq4.jpg,AL Kaium,https://unsplash.com/@al_kaium,traditional wedding,9J3Ob0OIJq4
traditional_classic,traditional_classic_0dj2JYjyFp4.jpg,Aditya Enggar Perdana,https://unsplash.com/@enggarpaditya7,traditional wedding,0dj2JYjyFp4
traditional_classic,traditional_classic_bwo_dSnXuvU.jpg,Aditya Enggar Perdana,https://unsplash.com/@enggarpaditya7,traditional wedding,bwo_dSnXuvU
traditional_classic,traditional_classic_MPcKmmbLH_g.jpg,Sushanta Rokka,https://unsplash.com/@sanoyatra,traditional wedding,MPcKmmbLH_g
traditional_classic,traditional_classic_vwiJonWxZX4.jpg,Sushanta Rokka,https://unsplash.com/@sanoyatra,traditional wedding,vwiJonWxZX4
traditional_classic,traditional_classic_QX1NiRxGBrE.jpg,Sushanta Rokka,https://unsplash.com/@sanoyatra,traditional wedding,QX1NiRxGBrE
traditional_classic,traditional_classic_Vy1jT04uRIg.jpg,Sushanta Rokka,https://unsplash.com/@sanoyatra,traditional wedding,Vy1jT04uRIg
traditional_classic,traditional_classic_EnEVc2toiCg.jpg,SB Film Studio,https://unsplash.com/@sbfilmstudio,traditional wedding,EnEVc2toiCg
traditional_classic,traditional_classic_0MrAELFzEmM.jpg,AL Kaium,https://unsplash.com/@al_kaium,traditional wedding,0MrAELFzEmM
traditional_classic,traditional_classic_hJqUO56d8Ao.jpg,AL Kaium,https://unsplash.com/@al_kaium,traditional wedding,hJqUO56d8Ao
traditional_classic,traditional_classic_j5yIy5VMl-Y.jpg,Sushanta Rokka,https://unsplash.com/@sanoyatra,traditional wedding,j5yIy5VMl-Y
traditional_classic,traditional_classic_GSy8fFgtrtY.jpg,Sushanta Rokka,https://unsplash.com/@sanoyatra,traditional wedding,GSy8fFgtrtY
traditional_classic,traditional_classic_7vRXfbM6rFs.jpg,AL Kaium,https://unsplash.com/@al_kaium,traditional wedding,7vRXfbM6rFs
traditional_classic,traditional_classic_tNcugw-0U90.jpg,Sushanta Rokka,https://unsplash.com/@sanoyatra,traditional wedding,tNcugw-0U90
traditional_classic,traditional_classic_W_Vs9aey2pM.jpg,Aditya Enggar Perdana,https://unsplash.com/@enggarpaditya7,traditional wedding,W_Vs9aey2pM
traditional_classic,traditional_classic_QmGKqesM_nA.jpg,Sushanta Rokka,https://unsplash.com/@sanoyatra,traditional wedding,QmGKqesM_nA
traditional_classic,traditional_classic_zC0iRsQLDvg.jpg,Sushanta Rokka,https://unsplash.com/@sanoyatra,traditional wedding,zC0iRsQLDvg
traditional_classic,traditional_classic_CYBpnkX8OUs.jpg,Rejaul Karim,https://unsplash.com/@rejaul_creativedesign,traditional wedding,CYBpnkX8OUs
traditional_classic,traditional_classic_2KgBh8eTko4.jpg,Rejaul Karim,https://unsplash.com/@rejaul_creativedesign,traditional wedding,2KgBh8eTko4
traditional_classic,traditional_classic_zWNfolqdB7Q.jpg,Sushanta Rokka,https://unsplash.com/@sanoyatra,traditional wedding,zWNfolqdB7Q
traditional_classic,traditional_classic_LBP3QMV315g.jpg,Sushanta Rokka,https://unsplash.com/@sanoyatra,traditional wedding,LBP3QMV315g
traditional_classic,traditional_classic_Y-bJ6K65f_c.jpg,Sushanta Rokka,https://unsplash.com/@sanoyatra,traditional wedding,Y-bJ6K65f_c
traditional_classic,traditional_classic_xmsIu9PZnvU.jpg,Brooke Balentine,https://unsplash.com/@brookebalentine,traditional wedding,xmsIu9PZnvU
traditional_classic,traditional_classic_qJhHNRAyuFA.jpg,Rejaul Karim,https://unsplash.com/@rejaul_creativedesign,traditional wedding,qJhHNRAyuFA
traditional_classic,traditional_classic_I8ztVOqtRI4.jpg,Sushanta Rokka,https://unsplash.com/@sanoyatra,traditional wedding,I8ztVOqtRI4
traditional_classic,traditional_classic_4LRIIA-24SI.jpg,Aditya Enggar Perdana,https://unsplash.com/@enggarpaditya7,traditional wedding,4LRIIA-24SI
traditional_classic,traditional_classic_ZrMVr2PTjSY.jpg,Sushanta Rokka,https://unsplash.com/@sanoyatra,traditional wedding,ZrMVr2PTjSY
traditional_classic,traditional_classic_D22N8zgiU34.jpg,Sushanta Rokka,https://unsplash.com/@sanoyatra,traditional wedding,D22N8zgiU34
traditional_classic,traditional_classic_B_c7ZuLtWbc.jpg,BLOG REGION,https://unsplash.com/@blog_region,traditional wedding,B_c7ZuLtWbc
traditional_classic,traditional_classic_pvTtJgq4fks.jpg,Sushanta Rokka,https://unsplash.com/@sanoyatra,traditional wedding,pvTtJgq4fks
traditional_classic,traditional_classic_1Xb40OkqnHU.jpg,ANAND TYAGI,https://unsplash.com/@anandtyagi,traditional wedding,1Xb40OkqnHU
traditional_classic,traditional_classic_ngY8EwpqowE.jpg,AL Kaium,https://unsplash.com/@al_kaium,traditional wedding,ngY8EwpqowE
traditional_classic,traditional_classic_0sKp_s3xDDs.jpg,Deepak Vedwal,https://unsplash.com/@vedwal_official,traditional wedding,0sKp_s3xDDs
traditional_classic,traditional_classic_AzGE9GohoXg.jpg,Sushanta Rokka,https://unsplash.com/@sanoyatra,traditional wedding,AzGE9GohoXg
traditional_classic,traditional_classic_BEdxXAiRfRM.jpg,AMISH THAKKAR,https://unsplash.com/@amishthakkar,traditional wedding,BEdxXAiRfRM
traditional_classic,traditional_classic_pf3ljL6-klw.jpg,Sushanta Rokka,https://unsplash.com/@sanoyatra,traditional wedding,pf3ljL6-klw
traditional_classic,traditional_classic_CB7P_23KB6w.jpg,Sushanta Rokka,https://unsplash.com/@sanoyatra,traditional wedding,CB7P_23KB6w
traditional_classic,traditional_classic_OO8cq68p4a8.jpg,Rejaul Karim,https://unsplash.com/@rejaul_creativedesign,traditional wedding,OO8cq68p4a8
traditional_classic,traditional_classic_GmCAXGoi7hE.jpg,Fotógrafo Samuel Cruz,https://unsplash.com/@fotografosamuelcruz,traditional wedding,GmCAXGoi7hE
traditional_classic,traditional_classic_vIkURWN_34M.jpg,Rejaul Karim,https://unsplash.com/@rejaul_creativedesign,traditional wedding,vIkURWN_34M
traditional_classic,traditional_classic_BQPs0lKWKEc.jpg,AL Kaium,https://unsplash.com/@al_kaium,traditional wedding,BQPs0lKWKEc
traditional_classic,traditional_classic_qpGODIB5kAQ.jpg,Sushanta Rokka,https://unsplash.com/@sanoyatra,traditional wedding,qpGODIB5kAQ
traditional_classic,traditional_classic_d0DaEwftQOo.jpg,Sushanta Rokka,https://unsplash.com/@sanoyatra,traditional wedding,d0DaEwftQOo
traditional_classic,traditional_classic_pr5kraxWczs.jpg,AL Kaium,https://unsplash.com/@al_kaium,traditional wedding,pr5kraxWczs
traditional_classic,traditional_classic_Zqx4wcQi38M.jpg,AL Kaium,https://unsplash.com/@al_kaium,traditional wedding,Zqx4wcQi38M
traditional_classic,traditional_classic_v4PlV_0NrIM.jpg,Sushanta Rokka,https://unsplash.com/@sanoyatra,traditional wedding,v4PlV_0NrIM
traditional_classic,traditional_classic_I8sz71Zauq8.jpg,Royal Photography,https://unsplash.com/@royalfoto,traditional wedding,I8sz71Zauq8
traditional_classic,traditional_classic_9Lq0zlOu_dw.jpg,Rizky Motion,https://unsplash.com/@rizky_motion,traditional wedding,9Lq0zlOu_dw
traditional_classic,traditional_classic_Zkl8SLl-gVU.jpg,Rejaul Karim,https://unsplash.com/@rejaul_creativedesign,traditional wedding,Zkl8SLl-gVU
traditional_classic,traditional_classic_jm63SL97dP8.jpg,Maximus Beaumont,https://unsplash.com/@mllewelynb,traditional wedding,jm63SL97dP8
traditional_classic,traditional_classic_g8OXeDkkuz0.jpg,Rejaul Karim,https://unsplash.com/@rejaul_creativedesign,traditional wedding,g8OXeDkkuz0
traditional_classic,traditional_classic_8qGFBVyrVZs.jpg,Titas Mallick,https://unsplash.com/@titas_mallick,traditional wedding,8qGFBVyrVZs
traditional_classic,traditional_classic_E7reuAQkroI.jpg,AL Kaium,https://unsplash.com/@al_kaium,traditional wedding,E7reuAQkroI
traditional_classic,traditional_classic_B5T_l6wHINA.jpg,Maximus Beaumont,https://unsplash.com/@mllewelynb,traditional wedding,B5T_l6wHINA
traditional_classic,traditional_classic_-rEIoWPwmiA.jpg,Aditya Enggar Perdana,https://unsplash.com/@enggarpaditya7,traditional wedding,-rEIoWPwmiA
traditional_classic,traditional_classic_I3W7DvkuWJo.jpg,Sushanta Rokka,https://unsplash.com/@sanoyatra,traditional wedding,I3W7DvkuWJo
traditional_classic,traditional_classic_0EaGd-VR1wg.jpg,AL Kaium,https://unsplash.com/@al_kaium,traditional wedding,0EaGd-VR1wg
traditional_classic,traditional_classic_AZKkp0bwJLM.jpg,Tope. A Asokere,https://unsplash.com/@topeasokere,traditional wedding,AZKkp0bwJLM
traditional_classic,traditional_classic_wki4KKlMGvc.jpg,Wedding Dreamz,https://unsplash.com/@wedding_dreamz,traditional wedding,wki4KKlMGvc
traditional_classic,traditional_classic_la6fR-efeS8.jpg,Sushanta Rokka,https://unsplash.com/@sanoyatra,traditional wedding,la6fR-efeS8
traditional_classic,traditional_classic_2zbdylhmhAU.jpg,BLOG REGION,https://unsplash.com/@blog_region,traditional wedding,2zbdylhmhAU
traditional_classic,traditional_classic_CredJOhJyCg.jpg,Sushanta Rokka,https://unsplash.com/@sanoyatra,traditional wedding,CredJOhJyCg
traditional_classic,traditional_classic_AjYn5uCIYDM.jpg,Aditya Enggar Perdana,https://unsplash.com/@enggarpaditya7,traditional wedding,AjYn5uCIYDM
traditional_classic,traditional_classic_PcZnjzqZl1o.jpg,Conikal,https://unsplash.com/@conikal,traditional wedding,PcZnjzqZl1o
traditional_classic,traditional_classic_u4C3aaLFfKA.jpg,Maximus Beaumont,https://unsplash.com/@mllewelynb,traditional wedding,u4C3aaLFfKA
traditional_classic,traditional_classic_FzjFjhvkhn4.jpg,AL Kaium,https://unsplash.com/@al_kaium,traditional wedding,FzjFjhvkhn4
traditional_classic,traditional_classic_RlVU6EoyDh0.jpg,Sushanta Rokka,https://unsplash.com/@sanoyatra,traditional wedding,RlVU6EoyDh0
traditional_classic,traditional_classic_HnDSE-7tH20.jpg,AJOY DAS,https://unsplash.com/@champsara,traditional wedding,HnDSE-7tH20
traditional_classic,traditional_classic_LTdqhysahrE.jpg,Royal Photography,https://unsplash.com/@royalfoto,traditional wedding,LTdqhysahrE
traditional_classic,traditional_classic_LOcfb9s6-tw.jpg,Rejaul Karim,https://unsplash.com/@rejaul_creativedesign,traditional wedding,LOcfb9s6-tw
traditional_classic,traditional_classic_ljLm2CqEXXU.jpg,AL Kaium,https://unsplash.com/@al_kaium,traditional wedding,ljLm2CqEXXU
traditional_classic,traditional_classic_OFLX0D2PjDY.jpg,Sushanta Rokka,https://unsplash.com/@sanoyatra,traditional wedding,OFLX0D2PjDY
traditional_classic,traditional_classic_LDapf38eD-k.jpg,Suresh Chavan,https://unsplash.com/@741suresh,traditional wedding,LDapf38eD-k
traditional_classic,traditional_classic_OiemaOiKsIg.jpg,Sushanta Rokka,https://unsplash.com/@sanoyatra,traditional wedding,OiemaOiKsIg
traditional_classic,traditional_classic_-3o3zGvCa5U.jpg,Aron Weerakoon,https://unsplash.com/@aron781n,traditional wedding,-3o3zGvCa5U
traditional_classic,traditional_classic_a2pCMr4m8RA.jpg,Rejaul Karim,https://unsplash.com/@rejaul_creativedesign,traditional wedding,a2pCMr4m8RA
traditional_classic,traditional_classic_aXEb8ro87UA.jpg,Amit Priya,https://unsplash.com/@coupleamtpriya,traditional wedding,aXEb8ro87UA
traditional_classic,traditional_classic_l0iyOIhrZVw.jpg,Aditya Enggar Perdana,https://unsplash.com/@enggarpaditya7,traditional wedding,l0iyOIhrZVw
traditional_classic,traditional_classic_cmUXoeWQeHM.jpg,AL Kaium,https://unsplash.com/@al_kaium,traditional wedding,cmUXoeWQeHM
traditional_classic,traditional_classic_Lz7R2SimXRo.jpg,Rejaul Karim,https://unsplash.com/@rejaul_creativedesign,traditional wedding,Lz7R2SimXRo
traditional_classic,traditional_classic_HVHM_qUOb3E.jpg,Suresh Chavan,https://unsplash.com/@741suresh,traditional wedding,HVHM_qUOb3E
traditional_classic,traditional_classic_DJUpVPPsshY.jpg,Rejaul Karim,https://unsplash.com/@rejaul_creativedesign,traditional wedding,DJUpVPPsshY
traditional_classic,traditional_classic_sn8SPeCJw0E.jpg,AL Kaium,https://unsplash.com/@al_kaium,traditional wedding,sn8SPeCJw0E
traditional_classic,traditional_classic_S7GMwplf7nI.jpg,Rejaul Karim,https://unsplash.com/@rejaul_creativedesign,traditional wedding,S7GMwplf7nI
traditional_classic,traditional_classic_MBmkVakW9r4.jpg,Marius Muresan,https://unsplash.com/@muresan113,traditional wedding,MBmkVakW9r4
traditional_classic,traditional_classic_X1AXwfndxxs.jpg,Sushanta Rokka,https://unsplash.com/@sanoyatra,traditional wedding,X1AXwfndxxs
traditional_classic,traditional_classic_tbo1J8IgmgQ.jpg,Rejaul Karim,https://unsplash.com/@rejaul_creativedesign,traditional wedding,tbo1J8IgmgQ
traditional_classic,traditional_classic_pG2uPKI39Lk.jpg,Maximus Beaumont,https://unsplash.com/@mllewelynb,traditional wedding,pG2uPKI39Lk
traditional_classic,traditional_classic_VcGC9vz_PR0.jpg,Sushanta Rokka,https://unsplash.com/@sanoyatra,traditional wedding,VcGC9vz_PR0
traditional_classic,traditional_classic_-bNb9iMCgAY.jpg,Sushanta Rokka,https://unsplash.com/@sanoyatra,traditional wedding,-bNb9iMCgAY
traditional_classic,traditional_classic_SMRfhrFhWr0.jpg,Davor Denkovski,https://unsplash.com/@ddenkovski,traditional wedding,SMRfhrFhWr0
traditional_classic,traditional_classic_kefgSt9R7D4.jpg,Sushanta Rokka,https://unsplash.com/@sanoyatra,traditional wedding,kefgSt9R7D4
traditional_classic,traditional_classic_It9C1ZsnV8s.jpg,AL Kaium,https://unsplash.com/@al_kaium,traditional wedding,It9C1ZsnV8s
traditional_classic,traditional_classic_gtWhnZfBvwo.jpg,Fotógrafo Samuel Cruz,https://unsplash.com/@fotografosamuelcruz,traditional wedding,gtWhnZfBvwo
traditional_classic,traditional_classic_eP4bqOMXeF4.jpg,Fotógrafo Samuel Cruz,https://unsplash.com/@fotografosamuelcruz,traditional wedding,eP4bqOMXeF4
traditional_classic,traditional_classic_ryodSsjpFgk.jpg,Fotógrafo Samuel Cruz,https://unsplash.com/@fotografosamuelcruz,traditional wedding,ryodSsjpFgk
traditional_classic,traditional_classic_DltWhr7otCw.jpg,nicola dowie,https://unsplash.com/@nickynoodles13,traditional wedding,DltWhr7otCw
traditional_classic,traditional_classic_GdtTKgJUhpo.jpg,AL Kaium,https://unsplash.com/@al_kaium,traditional wedding,GdtTKgJUhpo
traditional_classic,traditional_classic_RRBcQWDTWVE.jpg,ARTO SURAJ,https://unsplash.com/@artosuraj,traditional wedding,RRBcQWDTWVE
traditional_classic,traditional_classic_IYZYH7ygkLM.jpg,Sushanta Rokka,https://unsplash.com/@sanoyatra,traditional wedding,IYZYH7ygkLM
traditional_classic,traditional_classic_Sg4Wc5Q-iJ0.jpg,Fotógrafo Samuel Cruz,https://unsplash.com/@fotografosamuelcruz,traditional wedding,Sg4Wc5Q-iJ0
traditional_classic,traditional_classic_kgVYTsyouOc.jpg,Suresh Chavan,https://unsplash.com/@741suresh,traditional wedding,kgVYTsyouOc
traditional_classic,traditional_classic_0NfsY-SpanU.jpg,Sushanta Rokka,https://unsplash.com/@sanoyatra,traditional wedding,0NfsY-SpanU
traditional_classic,traditional_classic_HFpmyvoQmKM.jpg,Conikal,https://unsplash.com/@conikal,traditional wedding,HFpmyvoQmKM
traditional_classic,traditional_classic_xsnDScrHjTk.jpg,Fotógrafo Samuel Cruz,https://unsplash.com/@fotografosamuelcruz,traditional wedding,xsnDScrHjTk
traditional_classic,traditional_classic_Nr4zfULh4r8.jpg,Fotógrafo Samuel Cruz,https://unsplash.com/@fotografosamuelcruz,traditional wedding,Nr4zfULh4r8
traditional_classic,traditional_classic_N1KLW-J5IsY.jpg,Rejaul Karim,https://unsplash.com/@rejaul_creativedesign,traditional wedding,N1KLW-J5IsY
traditional_classic,traditional_classic_Nk271lbmFt4.jpg,Fotógrafo Samuel Cruz,https://unsplash.com/@fotografosamuelcruz,traditional wedding,Nk271lbmFt4
traditional_classic,traditional_classic_SEG57vrfm_4.jpg,Rejaul Karim,https://unsplash.com/@rejaul_creativedesign,traditional wedding,SEG57vrfm_4
traditional_classic,traditional_classic_ERLD7yehhYo.jpg,Seiji D.,https://unsplash.com/@seijidng,traditional wedding,ERLD7yehhYo
traditional_classic,traditional_classic_n0zM40v_Ad4.jpg,Fotógrafo Samuel Cruz,https://unsplash.com/@fotografosamuelcruz,traditional wedding,n0zM40v_Ad4
traditional_classic,traditional_classic_gB0XhRJeC78.jpg,Vetrivel Viswanathar,https://unsplash.com/@vetrivikashviswanathar,traditional wedding,gB0XhRJeC78
traditional_classic,traditional_classic_Ox3MRgv8pYE.jpg,Sushanta Rokka,https://unsplash.com/@sanoyatra,traditional wedding,Ox3MRgv8pYE
