class,filename,photographer,photographer_url,source_query,unsplash_photo_id
western_white,western_white_kQu3jj_6eRs.jpg,Cesira Alvarado,https://unsplash.com/@cesiraalvarado,western wedding,kQu3jj_6eRs
western_white,western_white_hBgRuCthk2w.jpg,Micah & Sammie Chaffin,https://unsplash.com/@micahandsammiechaffin,western wedding,hBgRuCthk2w
western_white,western_white_O4ahjU_jCkU.jpg,Scott Webb,https://unsplash.com/@scottwebb,western wedding,O4ahjU_jCkU
western_white,western_white_y8CZwxCB-EA.jpg,Veronica Lybbert,https://unsplash.com/@vphotographyphoto,western wedding,y8CZwxCB-EA
western_white,western_white_6uG8km0wFSc.jpg,Ryan Grewell,https://unsplash.com/@ryangrewell,western wedding,6uG8km0wFSc
western_white,western_white_S5YLvY4lA3Y.jpg,Andres Molina,https://unsplash.com/@nomadicfitlust,western wedding,S5YLvY4lA3Y
western_white,western_white_B5Zh_0VhhdI.jpg,Sam Ruder,https://unsplash.com/@samjruder,western wedding,B5Zh_0VhhdI
western_white,western_white_HCo4N4VyukU.jpg,Aron Weerakoon,https://unsplash.com/@aron781n,western wedding,HCo4N4VyukU
western_white,western_white_hprE4NK0vjU.jpg,Javier González Fotógrafo,https://unsplash.com/@livingcolortj,western wedding,hprE4NK0vjU
western_white,western_white_a6ifTWYUqFk.jpg,550Park Luxury Wedding Films,https://unsplash.com/@550park,western wedding,a6ifTWYUqFk
western_white,western_white_n5jx3rD54FE.jpg,Michael McAuliffe,https://unsplash.com/@petrolprophet,western wedding,n5jx3rD54FE
western_white,western_white_Ink_a6IWFck.jpg,550Park Luxury Wedding Films,https://unsplash.com/@550park,western wedding,Ink_a6IWFck
western_white,western_white_sB3hizHAFYc.jpg,550Park Luxury Wedding Films,https://unsplash.com/@550park,western wedding,sB3hizHAFYc
western_white,western_white_6AwvOiO7wOQ.jpg,Cesira Alvarado,https://unsplash.com/@cesiraalvarado,western wedding,6AwvOiO7wOQ
western_white,western_white_tzRQr_Gkas8.jpg,550Park Luxury Wedding Films,https://unsplash.com/@550park,western wedding,tzRQr_Gkas8
western_white,western_white_x6PS-I4aD7M.jpg,550Park Luxury Wedding Films,https://unsplash.com/@550park,western wedding,x6PS-I4aD7M
western_white,western_white_j1KEzuXwA-A.jpg,550Park Luxury Wedding Films,https://unsplash.com/@550park,western wedding,j1KEzuXwA-A
western_white,western_white_nRNq_i18Mok.jpg,550Park Luxury Wedding Films,https://unsplash.com/@550park,western wedding,nRNq_i18Mok
western_white,western_white_NSDvnMBEkyI.jpg,Tai's Captures,https://unsplash.com/@taiscaptures,western wedding,NSDvnMBEkyI
western_white,western_white_FzJh0SLMo88.jpg,Lauren Mitchell,https://unsplash.com/@laurenjean,western wedding,FzJh0SLMo88
western_white,western_white_hPM0sNtERaQ.jpg,550Park Luxury Wedding Films,https://unsplash.com/@550park,western wedding,hPM0sNtERaQ
western_white,western_white_gdoswv5YhRY.jpg,550Park Luxury Wedding Films,https://unsplash.com/@550park,western wedding,gdoswv5YhRY
western_white,western_white_P19lfWE98fQ.jpg,Lauren Mitchell,https://unsplash.com/@laurenjean,western wedding,P19lfWE98fQ
western_white,western_white_KkfFYf6Wo9w.jpg,550Park Luxury Wedding Films,https://unsplash.com/@550park,western wedding,KkfFYf6Wo9w
western_white,western_white_6velK6Ck0KA.jpg,Aly Ramirez,https://unsplash.com/@alyramirez,western wedding,6velK6Ck0KA
western_white,western_white_ppNSOS5STdk.jpg,Javier González Fotógrafo,https://unsplash.com/@livingcolortj,western wedding,ppNSOS5STdk
western_white,western_white_D3nyWK-egD4.jpg,550Park Luxury Wedding Films,https://unsplash.com/@550park,western wedding,D3nyWK-egD4
western_white,western_white_j6E-A4AnKiw.jpg,Incanto wedding Planner,https://unsplash.com/@incantoweddingplanner,western wedding,j6E-A4AnKiw
western_white,western_white_9MVW1Vujd5g.jpg,550Park Luxury Wedding Films,https://unsplash.com/@550park,western wedding,9MVW1Vujd5g
western_white,western_white_eZY03m2QFTI.jpg,550Park Luxury Wedding Films,https://unsplash.com/@550park,western wedding,eZY03m2QFTI
western_white,western_white_dv8RYb8otL8.jpg,550Park Luxury Wedding Films,https://unsplash.com/@550park,western wedding,dv8RYb8otL8
western_white,western_white_IvRCYWa48fs.jpg,550Park Luxury Wedding Films,https://unsplash.com/@550park,western wedding,IvRCYWa48fs
western_white,western_white_08Yjf5K-PF0.jpg,550Park Luxury Wedding Films,https://unsplash.com/@550park,western wedding,08Yjf5K-PF0
western_white,western_white_Dt1Boy5bTkI.jpg,Javier González Fotógrafo,https://unsplash.com/@livingcolortj,western wedding,Dt1Boy5bTkI
western_white,western_white_QsaCUPRGzcU.jpg,Erin Palos,https://unsplash.com/@palosstudio,western wedding,QsaCUPRGzcU
western_white,western_white_RsD3sR_mWGY.jpg,Lauren Mitchell,https://unsplash.com/@laurenjean,western wedding,RsD3sR_mWGY
western_white,western_white_TUJE1fKf9vg.jpg,550Park Luxury Wedding Films,https://unsplash.com/@550park,western wedding,TUJE1fKf9vg
western_white,western_white_fPGRde6_vyU.jpg,Cesira Alvarado,https://unsplash.com/@cesiraalvarado,western wedding,fPGRde6_vyU
western_white,western_white_iE8jFabIBkQ.jpg,550Park Luxury Wedding Films,https://unsplash.com/@550park,western wedding,iE8jFabIBkQ
western_white,western_white_BWKqMUaAGNo.jpg,NIKITA SHIROKOV,https://unsplash.com/@shirokov,western wedding,BWKqMUaAGNo
western_white,western_white_qlQ0-dVjPzI.jpg,550Park Luxury Wedding Films,https://unsplash.com/@550park,western wedding,qlQ0-dVjPzI
western_white,western_white_0huinPyMQNk.jpg,Hector Reyes,https://unsplash.com/@capture_it,western wedding,0huinPyMQNk
western_white,western_white__L3ELPM_Z-g.jpg,550Park Luxury Wedding Films,https://unsplash.com/@550park,western wedding,_L3ELPM_Z-g
western_white,western_white_EJdXJpKi1YY.jpg,David Goldman,https://unsplash.com/@davidjessephoto,western wedding,EJdXJpKi1YY
western_white,western_white_2zgNjinoacU.jpg,550Park Luxury Wedding Films,https://unsplash.com/@550park,western wedding,2zgNjinoacU
western_white,western_white_Unnlqw9s510.jpg,550Park Luxury Wedding Films,https://unsplash.com/@550park,western wedding,Unnlqw9s510
western_white,western_white_0UNTp_s0C6E.jpg,550Park Luxury Wedding Films,https://unsplash.com/@550park,western wedding,0UNTp_s0C6E
western_white,western_white_7BkGQ0zMyJI.jpg,Phuong Nguyen,https://unsplash.com/@phuongtography,western wedding,7BkGQ0zMyJI
western_white,western_white_zXupewLa2sw.jpg,550Park Luxury Wedding Films,https://unsplash.com/@550park,western wedding,zXupewLa2sw
western_white,western_white_0UkL1ItAFjA.jpg,Lauren Mitchell,https://unsplash.com/@laurenjean,western wedding,0UkL1ItAFjA
western_white,western_white_zKQwKXrqoXg.jpg,550Park Luxury Wedding Films,https://unsplash.com/@550park,western wedding,zKQwKXrqoXg
western_white,western_white_81-n4opW164.jpg,550Park Luxury Wedding Films,https://unsplash.com/@550park,western wedding,81-n4opW164
western_white,western_white_Z451A3_iaGA.jpg,550Park Luxury Wedding Films,https://unsplash.com/@550park,western wedding,Z451A3_iaGA
western_white,western_white_wiQkdXVmMZE.jpg,Javier González Fotógrafo,https://unsplash.com/@livingcolortj,western wedding,wiQkdXVmMZE
western_white,western_white_Oc38EnNRamE.jpg,Lauren Mitchell,https://unsplash.com/@laurenjean,western wedding,Oc38EnNRamE
western_white,western_white_pAMITv2C8b4.jpg,550Park Luxury Wedding Films,https://unsplash.com/@550park,western wedding,pAMITv2C8b4
western_white,western_white_qWkgEQaLNzw.jpg,Happy Face Emoji,https://unsplash.com/@hfestudio,western wedding,qWkgEQaLNzw
western_white,western_white_dRVxr2B-uTw.jpg,Aaron Tinoco,https://unsplash.com/@makeit4u,western wedding,dRVxr2B-uTw
western_white,western_white_q0cfK0WgKlM.jpg,550Park Luxury Wedding Films,https://unsplash.com/@550park,western wedding,q0cfK0WgKlM
western_white,western_white_hYXMwqSCO5Q.jpg,Lauren Mitchell,https://unsplash.com/@laurenjean,western wedding,hYXMwqSCO5Q
western_white,western_white_ngvTHYRB6AM.jpg,Lauren Mitchell,https://unsplash.com/@laurenjean,western wedding,ngvTHYRB6AM
western_white,western_white_gek-JhnwDiw.jpg,550Park Luxury Wedding Films,https://unsplash.com/@550park,western wedding,gek-JhnwDiw
western_white,western_white_epnt4ujEayI.jpg,550Park Luxury Wedding Films,https://unsplash.com/@550park,western wedding,epnt4ujEayI
western_white,western_white_O4rA2K84kE0.jpg,Javier González Fotógrafo,https://unsplash.com/@livingcolortj,western wedding,O4rA2K84kE0
western_white,western_white_qLUUmVgufB0.jpg,Ansspvt Titan,https://unsplash.com/@ansspvt,western wedding,qLUUmVgufB0
western_white,western_white_Wtj2hzOux-0.jpg,550Park Luxury Wedding Films,https://unsplash.com/@550park,western wedding,Wtj2hzOux-0
western_white,western_white_AHk1Li5T4jM.jpg,550Park Luxury Wedding Films,https://unsplash.com/@550park,western wedding,AHk1Li5T4jM
western_white,western_white_YjL12HLcCXQ.jpg,550Park Luxury Wedding Films,https://unsplash.com/@550park,western wedding,YjL12HLcCXQ
western_white,western_white_1d1aqtVvyD8.jpg,David Goldman,https://unsplash.com/@davidjessephoto,western wedding,1d1aqtVvyD8
western_white,western_white_ECtaM0D9-KE.jpg,550Park Luxury Wedding Films,https://unsplash.com/@550park,western wedding,ECtaM0D9-KE
western_white,western_white_qCgaRMYmslw.jpg,Jonathan Borba,https://unsplash.com/@jonathanborba,western wedding,qCgaRMYmslw
western_white,western_white_CO7z6btcbK4.jpg,Happy Face Emoji,https://unsplash.com/@hfestudio,western wedding,CO7z6btcbK4
western_white,western_white_PYFxj-2_edc.jpg,Samuel Rodriguez,https://unsplash.com/@samueljrodriguez,western wedding,PYFxj-2_edc
western_white,western_white_goh3kFTqTZQ.jpg,550Park Luxury Wedding Films,https://unsplash.com/@550park,western wedding,goh3kFTqTZQ
western_white,western_white_Qz0JbU7zCPM.jpg,Michael Guertin,https://unsplash.com/@imik,western wedding,Qz0JbU7zCPM
western_white,western_white_zLlL47EV1ZQ.jpg,Gabriel Tovar,https://unsplash.com/@gabrielrana,western wedding,zLlL47EV1ZQ
western_white,western_white_fgBA-mcwUhU.jpg,550Park Luxury Wedding Films,https://unsplash.com/@550park,western wedding,fgBA-mcwUhU
western_white,western_white_P3Eu4GrJRP0.jpg,Lauren Mitchell,https://unsplash.com/@laurenjean,western wedding,P3Eu4GrJRP0
western_white,western_white_bUgkGYryfwU.jpg,550Park Luxury Wedding Films,https://unsplash.com/@550park,western wedding,bUgkGYryfwU
western_white,western_white_NF-xAZKRoMU.jpg,Lauren Mitchell,https://unsplash.com/@laurenjean,western wedding,NF-xAZKRoMU
western_white,western_white_cMNQabpwUUA.jpg,Jeppe Mønster,https://unsplash.com/@jeppemoenster,western wedding,cMNQabpwUUA
western_white,western_white_OOszaUmsodU.jpg,Colton Sturgeon,https://unsplash.com/@coltonsturgeon,western wedding,OOszaUmsodU
western_white,western_white_Vk0wI0iYGMU.jpg,550Park Luxury Wedding Films,https://unsplash.com/@550park,western wedding,Vk0wI0iYGMU
western_white,western_white_7wSu5iqkZrc.jpg,550Park Luxury Wedding Films,https://unsplash.com/@550park,western wedding,7wSu5iqkZrc
western_white,western_white_Fd0hGQIs4qE.jpg,Colton Sturgeon,https://unsplash.com/@coltonsturgeon,western wedding,Fd0hGQIs4qE
western_white,western_white_oExzNAT5tLI.jpg,550Park Luxury Wedding Films,https://unsplash.com/@550park,western wedding,oExzNAT5tLI
western_white,western_white_rnGCHN4tHxM.jpg,Melanie Rosillo Galvan,https://unsplash.com/@meroga_,western wedding,rnGCHN4tHxM
western_white,western_white_NjMqSDSICeM.jpg,Javier González Fotógrafo,https://unsplash.com/@livingcolortj,western wedding,NjMqSDSICeM
western_white,western_white_C1jhMnfOtSI.jpg,Lauren Mitchell,https://unsplash.com/@laurenjean,western wedding,C1jhMnfOtSI
western_white,western_white_RjFasCv0tuo.jpg,Lauren Mitchell,https://unsplash.com/@laurenjean,western wedding,RjFasCv0tuo
western_white,western_white_o58dMz3Q4V0.jpg,Lauren Mitchell,https://unsplash.com/@laurenjean,western wedding,o58dMz3Q4V0
western_white,western_white_vBCIctWRGpw.jpg,550Park Luxury Wedding Films,https://unsplash.com/@550park,western wedding,vBCIctWRGpw
western_white,western_white_MaWcqwsLBgU.jpg,Andres Molina,https://unsplash.com/@nomadicfitlust,western wedding,MaWcqwsLBgU
western_white,western_white_nX9WeDV7N18.jpg,Nathan Bingle,https://unsplash.com/@nathangbingle,western wedding,nX9WeDV7N18
western_white,western_white_vv2SPCB61Y8.jpg,550Park Luxury Wedding Films,https://unsplash.com/@550park,western wedding,vv2SPCB61Y8
western_white,western_white_O2RJoeZrmmE.jpg,550Park Luxury Wedding Films,https://unsplash.com/@550park,western wedding,O2RJoeZrmmE
western_white,western_white_uGCS7y1vEY8.jpg,550Park Luxury Wedding Films,https://unsplash.com/@550park,western wedding,uGCS7y1vEY8
western_white,western_white_Sx4KmOx6ltQ.jpg,550Park Luxury Wedding Films,https://unsplash.com/@550park,western wedding,Sx4KmOx6ltQ
western_white,western_white_NeVmQXZ3zIM.jpg,Aly Ramirez,https://unsplash.com/@alyramirez,western wedding,NeVmQXZ3zIM
western_white,western_white_hf_7rp6hOhc.jpg,Lauren Mitchell,https://unsplash.com/@laurenjean,western wedding,hf_7rp6hOhc
western_white,western_white_KUMIac7iEyQ.jpg,Lauren Mitchell,https://unsplash.com/@laurenjean,western wedding,KUMIac7iEyQ
western_white,western_white_vlH_Klhw7Q4.jpg,550Park Luxury Wedding Films,https://unsplash.com/@550park,western wedding,vlH_Klhw7Q4
western_white,western_white_J2iigmzyh6s.jpg,Leo Manjarrez,https://unsplash.com/@liogo,western wedding,J2iigmzyh6s
western_white,western_white_NzSHljoOmkY.jpg,Asdrubal luna,https://unsplash.com/@infectedluna,western wedding,NzSHljoOmkY
western_white,western_white_toFjWlCOsxU.jpg,550Park Luxury Wedding Films,https://unsplash.com/@550park,western wedding,toFjWlCOsxU
western_white,western_white_U2fVHsxPLcs.jpg,Colton Sturgeon,https://unsplash.com/@coltonsturgeon,western wedding,U2fVHsxPLcs
western_white,western_white_9c7FLjgtrXw.jpg,Noelle Swogger,https://unsplash.com/@blessedbeyondmeasure,western wedding,9c7FLjgtrXw
western_white,western_white_cJKDbZ2U6gc.jpg,Lauren Mitchell,https://unsplash.com/@laurenjean,western wedding,cJKDbZ2U6gc
western_white,western_white_QNTZJfFkqAw.jpg,550Park Luxury Wedding Films,https://unsplash.com/@550park,western wedding,QNTZJfFkqAw
western_white,western_white_GOCOhaYRjf0.jpg,Pars Sahin,https://unsplash.com/@byadoniaa,western wedding,GOCOhaYRjf0
western_white,western_white_4j4JP_zx0KA.jpg,550Park Luxury Wedding Films,https://unsplash.com/@550park,western wedding,4j4JP_zx0KA
western_white,western_white_vS6yjq8HaX0.jpg,Colton Sturgeon,https://unsplash.com/@coltonsturgeon,western wedding,vS6yjq8HaX0
western_white,western_white_lvtrvTQlrWY.jpg,550Park Luxury Wedding Films,https://unsplash.com/@550park,western wedding,lvtrvTQlrWY
western_white,western_white_pBh7SukV9DA.jpg,550Park Luxury Wedding Films,https://unsplash.com/@550park,western wedding,pBh7SukV9DA
western_white,western_white_v1FLeduqby8.jpg,Lauren Mitchell,https://unsplash.com/@laurenjean,western wedding,v1FLeduqby8
western_white,western_white__OKFwboc5CM.jpg,550Park Luxury Wedding Films,https://unsplash.com/@550park,western wedding,_OKFwboc5CM
western_white,western_white_j6vp8NJPHOI.jpg,Brianna Parks,https://unsplash.com/@briannaparksphotography,western wedding,j6vp8NJPHOI
western_white,western_white_ThCZHHn1-Po.jpg,550Park Luxury Wedding Films,https://unsplash.com/@550park,western wedding,ThCZHHn1-Po
western_white,western_white_pq5qdoOMRWk.jpg,Melanie Rosillo Galvan,https://unsplash.com/@meroga_,western wedding,pq5qdoOMRWk
western_white,western_white_pLOm4VrrX4Q.jpg,Chris Haws,https://unsplash.com/@therook,western wedding,pLOm4VrrX4Q
western_white,western_white_wzTBDn98BSA.jpg,550Park Luxury Wedding Films,https://unsplash.com/@550park,western wedding,wzTBDn98BSA
western_white,western_white_QUi84upBhoc.jpg,Anna Vi,https://unsplash.com/@anna_vi_travel,western wedding,QUi84upBhoc
western_white,western_white_GRRNzjLbg2s.jpg,550Park Luxury Wedding Films,https://unsplash.com/@550park,western wedding,GRRNzjLbg2s
western_white,western_white_aobtM-tlhZA.jpg,henor teneqja,https://unsplash.com/@henortqa,western wedding,aobtM-tlhZA
western_white,western_white_LeaEBheonI4.jpg,Jessica Rockowitz,https://unsplash.com/@jessicarockowitz,western wedding,LeaEBheonI4
western_white,western_white_oNkDUVakRDM.jpg,550Park Luxury Wedding Films,https://unsplash.com/@550park,western wedding,oNkDUVakRDM
western_white,western_white_S-9Rmd8J9vo.jpg,Lauren Mitchell,https://unsplash.com/@laurenjean,western wedding,S-9Rmd8J9vo
western_white,western_white_Yd6cy1MLdLo.jpg,XS Xue,https://unsplash.com/@kngstm,western wedding,Yd6cy1MLdLo
western_white,western_white_eCAVv9PXfV0.jpg,Kawê Rodrigues,https://unsplash.com/@kawerodriguess,western wedding,eCAVv9PXfV0
western_white,western_white_sesI6GLv1p8.jpg,Kawê Rodrigues,https://unsplash.com/@kawerodriguess,western wedding,sesI6GLv1p8
western_white,western_white_hpPJb91n3BU.jpg,aranprime,https://unsplash.com/@aranprime,western wedding,hpPJb91n3BU
western_white,western_white_9S0KrmxoXEE.jpg,Caitlin Freeborn,https://unsplash.com/@royalfoxxweddings,western wedding,9S0KrmxoXEE
western_white,western_white_ZiMhAfISDGw.jpg,550Park Luxury Wedding Films,https://unsplash.com/@550park,western wedding,ZiMhAfISDGw
western_white,western_white_5VhJiX3CVy0.jpg,Brooke Balentine,https://unsplash.com/@brookebalentine,western wedding,5VhJiX3CVy0
western_white,western_white_t55DHGBoXbM.jpg,550Park Luxury Wedding Films,https://unsplash.com/@550park,western wedding,t55DHGBoXbM
western_white,western_white_BeZfk4kJM4A.jpg,550Park Luxury Wedding Films,https://unsplash.com/@550park,western wedding,BeZfk4kJM4A
western_white,western_white_NaYrQXXFRfc.jpg,Pedro Pulido,https://unsplash.com/@pedropulidophotography,western wedding,NaYrQXXFRfc
western_white,western_white_he1ZVEBlX20.jpg,550Park Luxury Wedding Films,https://unsplash.com/@550park,western wedding,he1ZVEBlX20
western_white,western_white_sOiR8Vf6H-A.jpg,Reagan nicole,https://unsplash.com/@reagannicole44,western wedding,sOiR8Vf6H-A
western_white,western_white_s3mrlpxhWXM.jpg,550Park Luxury Wedding Films,https://unsplash.com/@550park,western wedding,s3mrlpxhWXM
western_white,western_white_510gX0GO1lI.jpg,550Park Luxury Wedding Films,https://unsplash.com/@550park,western wedding,510gX0GO1lI
western_white,western_white_jreXUXS9nA8.jpg,550Park Luxury Wedding Films,https://unsplash.com/@550park,western wedding,jreXUXS9nA8
western_white,western_white_aRJnVz86Ix0.jpg,550Park Luxury Wedding Films,https://unsplash.com/@550park,western wedding,aRJnVz86Ix0
western_white,western_white_6NUUZZ16hJk.jpg,Hannah Busing,https://unsplash.com/@hannahbusing,western wedding,6NUUZZ16hJk
western_white,western_white_h6rEaQXt-bY.jpg,adrianna geo,https://unsplash.com/@adrigeo_,western wedding,h6rEaQXt-bY
western_white,western_white_AWSk6u04M44.jpg,Colton Sturgeon,https://unsplash.com/@coltonsturgeon,western wedding,AWSk6u04M44
western_white,western_white__dIbzcrEa3M.jpg,henor teneqja,https://unsplash.com/@henortqa,western wedding,_dIbzcrEa3M
western_white,western_white__GgDEgQnZFM.jpg,550Park Luxury Wedding Films,https://unsplash.com/@550park,western wedding,_GgDEgQnZFM
western_white,western_white_kA2XB1zAvHQ.jpg,550Park Luxury Wedding Films,https://unsplash.com/@550park,western wedding,kA2XB1zAvHQ
western_white,western_white_LROxcx27GNg.jpg,daniel kevin,https://unsplash.com/@badguydan,western wedding,LROxcx27GNg
western_white,western_white_rzhcczEljcQ.jpg,Andres Molina,https://unsplash.com/@nomadicfitlust,western wedding,rzhcczEljcQ
western_white,western_white_UMvbza2y_DE.jpg,Javier González Fotógrafo,https://unsplash.com/@livingcolortj,western wedding,UMvbza2y_DE
western_white,western_white_txUofB-lP4M.jpg,Victoria Priessnitz,https://unsplash.com/@victoriapriessnitz,western wedding,txUofB-lP4M
western_white,western_white_3tUXO73O3Ps.jpg,Emma Frances Logan,https://unsplash.com/@emmafranceslogan,western wedding,3tUXO73O3Ps
western_white,western_white_2hO2ClNkdpQ.jpg,550Park Luxury Wedding Films,https://unsplash.com/@550park,western wedding,2hO2ClNkdpQ
western_white,western_white_OhP6vVCRjYw.jpg,550Park Luxury Wedding Films,https://unsplash.com/@550park,western wedding,OhP6vVCRjYw
western_white,western_white_9i7SMKQDtOw.jpg,550Park Luxury Wedding Films,https://unsplash.com/@550park,western wedding,9i7SMKQDtOw
western_white,western_white_cvWdQ0F_emg.jpg,550Park Luxury Wedding Films,https://unsplash.com/@550park,western wedding,cvWdQ0F_emg
western_white,western_white_nBy4SPgO1Pk.jpg,550Park Luxury Wedding Films,https://unsplash.com/@550park,western wedding,nBy4SPgO1Pk
western_white,western_white_VbkaOVnYqZk.jpg,550Park Luxury Wedding Films,https://unsplash.com/@550park,western wedding,VbkaOVnYqZk
western_white,western_white_MJaNA6tZX4M.jpg,Maros Misove,https://unsplash.com/@marosch,western wedding,MJaNA6tZX4M
western_white,western_white_97BvLrU0Aaw.jpg,550Park Luxury Wedding Films,https://unsplash.com/@550park,western wedding,97BvLrU0Aaw
western_white,western_white_OQC4UdO_c1w.jpg,550Park Luxury Wedding Films,https://unsplash.com/@550park,western wedding,OQC4UdO_c1w
western_white,western_white_y7ACRP7KJKc.jpg,550Park Luxury Wedding Films,https://unsplash.com/@550park,western wedding,y7ACRP7KJKc
western_white,western_white_7R02ir6z680.jpg,550Park Luxury Wedding Films,https://unsplash.com/@550park,western wedding,7R02ir6z680
western_white,western_white_jAqBK-teZxs.jpg,Bailey Alexander,https://unsplash.com/@baileyal3xander,western wedding,jAqBK-teZxs
western_white,western_white_bMMDVNEwDgE.jpg,Colton Sturgeon,https://unsplash.com/@coltonsturgeon,western wedding,bMMDVNEwDgE
western_white,western_white_zW60TU1mcZQ.jpg,550Park Luxury Wedding Films,https://unsplash.com/@550park,western wedding,zW60TU1mcZQ
western_white,western_white_ZmfPCku1qYY.jpg,Redd Francisco,https://unsplash.com/@reddfrancisco,western wedding,ZmfPCku1qYY
western_white,western_white_DMfErMr3Mp4.jpg,Gabor Szucs,https://unsplash.com/@gabcsika,western wedding,DMfErMr3Mp4
western_white,western_white_Tm_b5j381T4.jpg,Sunil Chandra Sharma,https://unsplash.com/@sunilcsharma,western wedding,Tm_b5j381T4
western_white,western_white_njPhJGN_J8o.jpg,Elijah Pilchard,https://unsplash.com/@elijahp,western wedding,njPhJGN_J8o
western_white,western_white_f6C-1UhFlh8.jpg,Sunil Chandra Sharma,https://unsplash.com/@sunilcsharma,western wedding,f6C-1UhFlh8
western_white,western_white_An51LbzNZ-Y.jpg,550Park Luxury Wedding Films,https://unsplash.com/@550park,western wedding,An51LbzNZ-Y
western_white,western_white_DcohWGcxmMw.jpg,Celeste Rogers,https://unsplash.com/@cjrogers,western wedding,DcohWGcxmMw
western_white,western_white_hdBUu8cieoQ.jpg,550Park Luxury Wedding Films,https://unsplash.com/@550park,western wedding,hdBUu8cieoQ
western_white,western_white_Efd5oh-nQWI.jpg,Cássio Jardim,https://unsplash.com/@casiofivel,western wedding,Efd5oh-nQWI
western_white,western_white_V0gvy9zWL4w.jpg,Kawê Rodrigues,https://unsplash.com/@kawerodriguess,western wedding,V0gvy9zWL4w
western_white,western_white_75iHo6Vf_Xs.jpg,Fotógrafo Samuel Cruz,https://unsplash.com/@fotografosamuelcruz,western wedding,75iHo6Vf_Xs
western_white,western_white_UKtZBjzvFIA.jpg,550Park Luxury Wedding Films,https://unsplash.com/@550park,western wedding,UKtZBjzvFIA
western_white,western_white_Mn4J_emqqX0.jpg,550Park Luxury Wedding Films,https://unsplash.com/@550park,western wedding,Mn4J_emqqX0
western_white,western_white_ihgu2dcmChA.jpg,Jennifer Kalenberg,https://unsplash.com/@jkalen71,western wedding,ihgu2dcmChA
western_white,western_white_2_0KNv3279k.jpg,Leo_Visions,https://unsplash.com/@leo_visions_,western wedding,2_0KNv3279k
western_white,western_white_IEVBsqw6Za8.jpg,henor teneqja,https://unsplash.com/@henortqa,western wedding,IEVBsqw6Za8
western_white,western_white_1hzOOAiP97w.jpg,Colton Sturgeon,https://unsplash.com/@coltonsturgeon,western wedding,1hzOOAiP97w
western_white,western_white_BEX02Sw19Jw.jpg,henor teneqja,https://unsplash.com/@henortqa,western wedding,BEX02Sw19Jw
western_white,western_white_Ec6alSnK2Ws.jpg,Lauren Mitchell,https://unsplash.com/@laurenjean,western wedding,Ec6alSnK2Ws
western_white,western_white_oAVUfTLMVp4.jpg,550Park Luxury Wedding Films,https://unsplash.com/@550park,western wedding,oAVUfTLMVp4
western_white,western_white_JppQIOZoFuM.jpg,Alexey Demidov,https://unsplash.com/@alexeydemidov,western wedding,JppQIOZoFuM
western_white,western_white_M16s3LzI8MQ.jpg,550Park Luxury Wedding Films,https://unsplash.com/@550park,western wedding,M16s3LzI8MQ
western_white,western_white_VwPXe05MKso.jpg,Fotógrafo Samuel Cruz,https://unsplash.com/@fotografosamuelcruz,western wedding,VwPXe05MKso
western_white,western_white_FtXWEX1AocI.jpg,Ella de Koker,https://unsplash.com/@ellladk,western wedding,FtXWEX1AocI
western_white,western_white_2Gjq3FCwSw0.jpg,Asso Myron,https://unsplash.com/@assomyron,western wedding,2Gjq3FCwSw0
western_white,western_white_3UxGbn-t-bE.jpg,henor teneqja,https://unsplash.com/@henortqa,western wedding,3UxGbn-t-bE
western_white,western_white_v9GWXKMvGpg.jpg,Jonathan Borba,https://unsplash.com/@jonathanborba,western wedding,v9GWXKMvGpg
western_white,western_white_5t-m5p06sWc.jpg,Sunil Chandra Sharma,https://unsplash.com/@sunilcsharma,western wedding,5t-m5p06sWc
western_white,western_white_rrP6ptsAPrg.jpg,Colton Sturgeon,https://unsplash.com/@coltonsturgeon,western wedding,rrP6ptsAPrg
western_white,western_white_8kg4-GDMxBo.jpg,henor teneqja,https://unsplash.com/@henortqa,western wedding,8kg4-GDMxBo
western_white,western_white_Zvpx-iECm5Y.jpg,550Park Luxury Wedding Films,https://unsplash.com/@550park,western wedding,Zvpx-iECm5Y
western_white,western_white_u48d9Te1aqk.jpg,Irene Bersani,https://unsplash.com/@irenedoescreative,western wedding,u48d9Te1aqk
modern_fusion,modern_fusion_y63lv-6n_sA.jpg,Kari Bjorn Photography,https://unsplash.com/@karibjorn,modern wedding fusion,y63lv-6n_sA
modern_fusion,modern_fusion_JZgpnwhdI68.jpg,Pranav Kumar Jain,https://unsplash.com/@peejayvisual,modern wedding fusion,JZgpnwhdI68
modern_fusion,modern_fusion_yRS4YjniMhs.jpg,iKshana Productions,https://unsplash.com/@ikshanaproductions,modern wedding fusion,yRS4YjniMhs
modern_fusion,modern_fusion_3FEa-hUc848.jpg,Bulbul Ahmed,https://unsplash.com/@bulbul252,modern wedding fusion,3FEa-hUc848
modern_fusion,modern_fusion_l6BafhpDlZM.jpg,Zohair Mirza,https://unsplash.com/@zamclicks,modern wedding fusion,l6BafhpDlZM
modern_fusion,modern_fusion_C2VzO1igMG0.jpg,ARTO SURAJ,https://unsplash.com/@artosuraj,modern wedding fusion,C2VzO1igMG0
modern_fusion,modern_fusion_tbUfQt4mrBY.jpg,Pranav Kumar Jain,https://unsplash.com/@peejayvisual,modern wedding fusion,tbUfQt4mrBY
modern_fusion,modern_fusion_ldorM-uLD_w.jpg,Febrian Zakaria,https://unsplash.com/@febrianzakaria,modern wedding fusion,ldorM-uLD_w
modern_fusion,modern_fusion_ODLGIphoQ9I.jpg,Yogesh Soni,https://unsplash.com/@kaamari,modern wedding fusion,ODLGIphoQ9I
modern_fusion,modern_fusion_eBi9w4QNwPY.jpg,ARTO SURAJ,https://unsplash.com/@artosuraj,modern wedding fusion,eBi9w4QNwPY
modern_fusion,modern_fusion_74MXlDmzeyU.jpg,Bulbul Ahmed,https://unsplash.com/@bulbul252,modern wedding fusion,74MXlDmzeyU
modern_fusion,modern_fusion_IiAZSRBzVDA.jpg,Mohammed Sultan Farooqui,https://unsplash.com/@sultanfarooqui,modern wedding fusion,IiAZSRBzVDA
modern_fusion,modern_fusion_5zC7Te6cWvQ.jpg,550Park Luxury Wedding Films,https://unsplash.com/@550park,modern wedding fusion,5zC7Te6cWvQ
modern_fusion,modern_fusion_8htX8WBO080.jpg,Rejaul Karim,https://unsplash.com/@rejaul_creativedesign,modern wedding fusion,8htX8WBO080
modern_fusion,modern_fusion_dcMmnwHkCS8.jpg,Anirban Sarkar,https://unsplash.com/@anirbansarkar9433,modern wedding fusion,dcMmnwHkCS8
modern_fusion,modern_fusion_yw5QZ_hmPSI.jpg,Aron Weerakoon,https://unsplash.com/@aron781n,modern wedding fusion,yw5QZ_hmPSI
modern_fusion,modern_fusion_6Z37Oko1Nnw.jpg,pixel pixelmatrix,https://unsplash.com/@pixelmatrix1,modern wedding fusion,6Z37Oko1Nnw
modern_fusion,modern_fusion_HsVL6tTvu-g.jpg,iKshana Productions,https://unsplash.com/@ikshanaproductions,modern wedding fusion,HsVL6tTvu-g
modern_fusion,modern_fusion_7yC6WsBAtpc.jpg,keerthana ravikumar,https://unsplash.com/@keerthana99rk,modern wedding fusion,7yC6WsBAtpc
modern_fusion,modern_fusion_-z_IOZGMj3U.jpg,Aron Weerakoon,https://unsplash.com/@aron781n,modern wedding fusion,-z_IOZGMj3U
modern_fusion,modern_fusion_CqJD7hwOfII.jpg,550Park Luxury Wedding Films,https://unsplash.com/@550park,modern wedding fusion,CqJD7hwOfII
modern_fusion,modern_fusion_80l2FftMuBI.jpg,Alok Verma,https://unsplash.com/@theweddingfocus,modern wedding fusion,80l2FftMuBI
modern_fusion,modern_fusion_zj5oKEtNIsg.jpg,Shubham kumar,https://unsplash.com/@dreamreamphotography,modern wedding fusion,zj5oKEtNIsg
modern_fusion,modern_fusion_Mc_hdXroi_8.jpg,Sourav Dalal,https://unsplash.com/@smpsourav,modern wedding fusion,Mc_hdXroi_8
modern_fusion,modern_fusion_GdtTKgJUhpo.jpg,AL Kaium,https://unsplash.com/@al_kaium,modern wedding fusion,GdtTKgJUhpo
modern_fusion,modern_fusion_K7Klx4OepvE.jpg,Mexsss__,https://unsplash.com/@mexsss,modern wedding fusion,K7Klx4OepvE
modern_fusion,modern_fusion_pr5kraxWczs.jpg,AL Kaium,https://unsplash.com/@al_kaium,modern wedding fusion,pr5kraxWczs
modern_fusion,modern_fusion_pc5gQJxIPqY.jpg,PRATEEK JAISWAL,https://unsplash.com/@prateekjaiswal,modern wedding fusion,pc5gQJxIPqY
modern_fusion,modern_fusion_YBnXjBjDj5s.jpg,Jaspreet singh Sodhi,https://unsplash.com/@jsodhiphotography,modern wedding fusion,YBnXjBjDj5s
modern_fusion,modern_fusion_fsmbGAVW094.jpg,AÉNL Weddings,https://unsplash.com/@aenlweddings,modern wedding fusion,fsmbGAVW094
modern_fusion,modern_fusion_ux8dyNfp0OQ.jpg,550Park Luxury Wedding Films,https://unsplash.com/@550park,modern wedding fusion,ux8dyNfp0OQ
modern_fusion,modern_fusion_Zx3v9-V_p7w.jpg,Nam Nguyen,https://unsplash.com/@lampark151,modern wedding fusion,Zx3v9-V_p7w
modern_fusion,modern_fusion_H731UGdlI00.jpg,iKshana Productions,https://unsplash.com/@ikshanaproductions,modern wedding fusion,H731UGdlI00
modern_fusion,modern_fusion_UwvmaN0VZ_M.jpg,550Park Luxury Wedding Films,https://unsplash.com/@550park,modern wedding fusion,UwvmaN0VZ_M
modern_fusion,modern_fusion_TWSLddLbtJ8.jpg,v.govindaraj raj,https://unsplash.com/@aakashstudio,modern wedding fusion,TWSLddLbtJ8
modern_fusion,modern_fusion_JWl1F5tMCAo.jpg,ARTO SURAJ,https://unsplash.com/@artosuraj,modern wedding fusion,JWl1F5tMCAo
modern_fusion,modern_fusion_lxt1K3-O1vM.jpg,AL Kaium,https://unsplash.com/@al_kaium,modern wedding fusion,lxt1K3-O1vM
modern_fusion,modern_fusion_4SLEyKCoLfA.jpg,Aron Weerakoon,https://unsplash.com/@aron781n,modern wedding fusion,4SLEyKCoLfA
modern_fusion,modern_fusion__w-wv-hN1sk.jpg,Royal Photography,https://unsplash.com/@royalfoto,modern wedding fusion,_w-wv-hN1sk
modern_fusion,modern_fusion_fsvtsldnT_I.jpg,Bryan Jesus De Los Santos Breton,https://unsplash.com/@santosbreton90,modern wedding fusion,fsvtsldnT_I
modern_fusion,modern_fusion_D5N9GBou9qM.jpg,AÉNL Weddings,https://unsplash.com/@aenlweddings,modern wedding fusion,D5N9GBou9qM
modern_fusion,modern_fusion_1Xb40OkqnHU.jpg,ANAND TYAGI,https://unsplash.com/@anandtyagi,modern wedding fusion,1Xb40OkqnHU
modern_fusion,modern_fusion_A8zJxCT_PMA.jpg,शकीरा नंदिनी,https://unsplash.com/@shakira_nandini01,modern wedding fusion,A8zJxCT_PMA
modern_fusion,modern_fusion_HVHM_qUOb3E.jpg,Suresh Chavan,https://unsplash.com/@741suresh,modern wedding fusion,HVHM_qUOb3E
modern_fusion,modern_fusion_4VYGcwM0NWE.jpg,Subham Debnath,https://unsplash.com/@subhamfps2025,modern wedding fusion,4VYGcwM0NWE
modern_fusion,modern_fusion_4PacJVDWcPM.jpg,PRATEEK JAISWAL,https://unsplash.com/@prateekjaiswal,modern wedding fusion,4PacJVDWcPM
modern_fusion,modern_fusion_7y4Msq3h0t0.jpg,Debojyoti Dutta,https://unsplash.com/@ddphotos01_,modern wedding fusion,7y4Msq3h0t0
modern_fusion,modern_fusion_l7EBmhdZIfs.jpg,Sushanta Rokka,https://unsplash.com/@sanoyatra,modern wedding fusion,l7EBmhdZIfs
modern_fusion,modern_fusion_VqdYvZ5vRwI.jpg,Talmiz Ahmad,https://unsplash.com/@talmiz,modern wedding fusion,VqdYvZ5vRwI
modern_fusion,modern_fusion_x72UGNGTwXo.jpg,AL Kaium,https://unsplash.com/@al_kaium,modern wedding fusion,x72UGNGTwXo
modern_fusion,modern_fusion_iPupI8IEBgQ.jpg,kabita Darlami,https://unsplash.com/@itskabita,modern wedding fusion,iPupI8IEBgQ
modern_fusion,modern_fusion_CRMYghwy1M0.jpg,iKshana Productions,https://unsplash.com/@ikshanaproductions,modern wedding fusion,CRMYghwy1M0
modern_fusion,modern_fusion_8hm_LnSwyLM.jpg,Sandeep Kashyap,https://unsplash.com/@dreamworkphotography,modern wedding fusion,8hm_LnSwyLM
modern_fusion,modern_fusion_hRhvUUaxXng.jpg,Sharaf Ahmed,https://unsplash.com/@sharaf_captures98,modern wedding fusion,hRhvUUaxXng
modern_fusion,modern_fusion_0O8Nrk7YC6M.jpg,SB Film Studio,https://unsplash.com/@sbfilmstudio,modern wedding fusion,0O8Nrk7YC6M
modern_fusion,modern_fusion_WaRgPWxnw_Y.jpg,Mohammed Sultan Farooqui,https://unsplash.com/@sultanfarooqui,modern wedding fusion,WaRgPWxnw_Y
modern_fusion,modern_fusion_tIBGLQA_pfc.jpg,550Park Luxury Wedding Films,https://unsplash.com/@550park,modern wedding fusion,tIBGLQA_pfc
modern_fusion,modern_fusion_px8uFhpv0aU.jpg,ARTO SURAJ,https://unsplash.com/@artosuraj,modern wedding fusion,px8uFhpv0aU
modern_fusion,modern_fusion_MrgpvhjAJaI.jpg,550Park Luxury Wedding Films,https://unsplash.com/@550park,modern wedding fusion,MrgpvhjAJaI
modern_fusion,modern_fusion_iRA2IFsH1oE.jpg,𝐏𝐎𝐑𝐓𝐑𝐀𝐈𝐓 𝐏𝐈𝐂𝐓𝐔𝐑𝐄𝕊,https://unsplash.com/@portraitpictures2025,modern wedding fusion,iRA2IFsH1oE
modern_fusion,modern_fusion_dNHiY95IY3s.jpg,Jennifer Kalenberg,https://unsplash.com/@jkalen71,modern wedding fusion,dNHiY95IY3s
modern_fusion,modern_fusion_Hz8fSm6vGRM.jpg,iKshana Productions,https://unsplash.com/@ikshanaproductions,modern wedding fusion,Hz8fSm6vGRM
modern_fusion,modern_fusion__XhPCWIcQvw.jpg,Dollar Gill,https://unsplash.com/@dollargill,modern wedding fusion,_XhPCWIcQvw
modern_fusion,modern_fusion_oIqhHbOxMOQ.jpg,550Park Luxury Wedding Films,https://unsplash.com/@550park,modern wedding fusion,oIqhHbOxMOQ
modern_fusion,modern_fusion_v4rOcK9Y9NI.jpg,Ratul Pal,https://unsplash.com/@adventurelife24,modern wedding fusion,v4rOcK9Y9NI
modern_fusion,modern_fusion_KmSwX9Wuy9A.jpg,AL Kaium,https://unsplash.com/@al_kaium,modern wedding fusion,KmSwX9Wuy9A
modern_fusion,modern_fusion_BEdxXAiRfRM.jpg,AMISH THAKKAR,https://unsplash.com/@amishthakkar,modern wedding fusion,BEdxXAiRfRM
modern_fusion,modern_fusion_StuHe2EB004.jpg,AL Kaium,https://unsplash.com/@al_kaium,modern wedding fusion,StuHe2EB004
modern_fusion,modern_fusion_NNwHdDrCCrk.jpg,ARTO SURAJ,https://unsplash.com/@artosuraj,modern wedding fusion,NNwHdDrCCrk
modern_fusion,modern_fusion_YPHIg9uDJno.jpg,Naeem Ad,https://unsplash.com/@mnaeemad,modern wedding fusion,YPHIg9uDJno
modern_fusion,modern_fusion_-3o3zGvCa5U.jpg,Aron Weerakoon,https://unsplash.com/@aron781n,modern wedding fusion,-3o3zGvCa5U
modern_fusion,modern_fusion_rHN3MWJoV6c.jpg,Mexsss__,https://unsplash.com/@mexsss,modern wedding fusion,rHN3MWJoV6c
modern_fusion,modern_fusion_N1M-gAhFUrg.jpg,ANAND TYAGI,https://unsplash.com/@anandtyagi,modern wedding fusion,N1M-gAhFUrg
modern_fusion,modern_fusion_LM8K3sTei1U.jpg,Dibakar Roy,https://unsplash.com/@dibakar16roy,modern wedding fusion,LM8K3sTei1U
modern_fusion,modern_fusion_p1zG69xsiIk.jpg,Dipak Tolani,https://unsplash.com/@devbatra123,modern wedding fusion,p1zG69xsiIk
modern_fusion,modern_fusion_-I4dxSAdkf4.jpg,550Park Luxury Wedding Films,https://unsplash.com/@550park,modern wedding fusion,-I4dxSAdkf4
modern_fusion,modern_fusion_emosbM2Jh80.jpg,550Park Luxury Wedding Films,https://unsplash.com/@550park,modern wedding fusion,emosbM2Jh80
modern_fusion,modern_fusion_b2O4DYAOQwQ.jpg,Gabriel Tovar,https://unsplash.com/@gabrielrana,modern wedding fusion,b2O4DYAOQwQ
modern_fusion,modern_fusion_It9C1ZsnV8s.jpg,AL Kaium,https://unsplash.com/@al_kaium,modern wedding fusion,It9C1ZsnV8s
modern_fusion,modern_fusion_iz37lrGaMIg.jpg,Dibakar Roy,https://unsplash.com/@dibakar16roy,modern wedding fusion,iz37lrGaMIg
modern_fusion,modern_fusion_gY5GFVIRxfI.jpg,Dmitry Rodionov,https://unsplash.com/@knuckles_echidna,modern wedding fusion,gY5GFVIRxfI
modern_fusion,modern_fusion_vkawzCaCvgw.jpg,AL Kaium,https://unsplash.com/@al_kaium,modern wedding fusion,vkawzCaCvgw
modern_fusion,modern_fusion_AeHQ5sAukuM.jpg,iKshana Productions,https://unsplash.com/@ikshanaproductions,modern wedding fusion,AeHQ5sAukuM
modern_fusion,modern_fusion_tlBCmvp9SGw.jpg,Akshay Dabhi,https://unsplash.com/@master_alaap,modern wedding fusion,tlBCmvp9SGw
modern_fusion,modern_fusion_Cn8xYl6NoH0.jpg,Hưng Phạm,https://unsplash.com/@seoling,modern wedding fusion,Cn8xYl6NoH0
modern_fusion,modern_fusion_no9ZyMXnUr8.jpg,iKshana Productions,https://unsplash.com/@ikshanaproductions,modern wedding fusion,no9ZyMXnUr8
modern_fusion,modern_fusion_eqmzWlL-YWg.jpg,Dwayne joe,https://unsplash.com/@spliff_dj_joe,modern wedding fusion,eqmzWlL-YWg
modern_fusion,modern_fusion_ZBc2gAFGNRo.jpg,The Decor Seo,https://unsplash.com/@thedecorseo,modern wedding fusion,ZBc2gAFGNRo
modern_fusion,modern_fusion_oH-PNVWykUo.jpg,Dollar Gill,https://unsplash.com/@dollargill,modern wedding fusion,oH-PNVWykUo
modern_fusion,modern_fusion_SoZCv-ruYjQ.jpg,Shoham Avisrur,https://unsplash.com/@shoham_avisrur,modern wedding fusion,SoZCv-ruYjQ
modern_fusion,modern_fusion_Sp5b27f81gc.jpg,rajat sarki,https://unsplash.com/@rajat_sarki,modern wedding fusion,Sp5b27f81gc
modern_fusion,modern_fusion_JS2sbw2UGAQ.jpg,Michael Starkie,https://unsplash.com/@starkie_pics,modern wedding fusion,JS2sbw2UGAQ
modern_fusion,modern_fusion_jCtVoHgPBxA.jpg,Asif Khan,https://unsplash.com/@koldcapricorn,modern wedding fusion,jCtVoHgPBxA
modern_fusion,modern_fusion_hmicnKFb6vI.jpg,550Park Luxury Wedding Films,https://unsplash.com/@550park,modern wedding fusion,hmicnKFb6vI
modern_fusion,modern_fusion_9o4MEwOFYjI.jpg,rajat sarki,https://unsplash.com/@rajat_sarki,modern wedding fusion,9o4MEwOFYjI
modern_fusion,modern_fusion_8Z11aRAFy1o.jpg,Royal Photography,https://unsplash.com/@royalfoto,modern wedding fusion,8Z11aRAFy1o
modern_fusion,modern_fusion_CasdGDoHSV0.jpg,Omar Lopez,https://unsplash.com/@omarlopez1,modern wedding fusion,CasdGDoHSV0
modern_fusion,modern_fusion_hJqUO56d8Ao.jpg,AL Kaium,https://unsplash.com/@al_kaium,modern wedding fusion,hJqUO56d8Ao
modern_fusion,modern_fusion_eUwS_PY8qAs.jpg,Raju Kumar,https://unsplash.com/@rajurajkumar28,modern wedding fusion,eUwS_PY8qAs
modern_fusion,modern_fusion_I8sz71Zauq8.jpg,Royal Photography,https://unsplash.com/@royalfoto,modern wedding fusion,I8sz71Zauq8
modern_fusion,modern_fusion_H8TOB_9kydc.jpg,PRATEEK JAISWAL,https://unsplash.com/@prateekjaiswal,modern wedding fusion,H8TOB_9kydc
modern_fusion,modern_fusion_Fni87Y2XGY0.jpg,PRATEEK JAISWAL,https://unsplash.com/@prateekjaiswal,modern wedding fusion,Fni87Y2XGY0
modern_fusion,modern_fusion_RwsdqTWa2dE.jpg,Rupinder Singh,https://unsplash.com/@singhrupinder,modern wedding fusion,RwsdqTWa2dE
modern_fusion,modern_fusion_jljkt24iZVk.jpg,Sabesh Photography LTD,https://unsplash.com/@sabesh,modern wedding fusion,jljkt24iZVk
modern_fusion,modern_fusion_TmD44dmf7W4.jpg,shahin khalaji,https://unsplash.com/@shahinkhalaji,modern wedding fusion,TmD44dmf7W4
modern_fusion,modern_fusion_fkv_NSMX7-o.jpg,JJ ROCHA,https://unsplash.com/@that_person,modern wedding fusion,fkv_NSMX7-o
modern_fusion,modern_fusion_dKJvhot-4R4.jpg,Abhishek Sharma,https://unsplash.com/@abhishekvats,modern wedding fusion,dKJvhot-4R4
modern_fusion,modern_fusion_aEAv2AAFiMA.jpg,Shiva Verma,https://unsplash.com/@vshiva362,modern wedding fusion,aEAv2AAFiMA
modern_fusion,modern_fusion_MrGGUk712xw.jpg,Dibakar Roy,https://unsplash.com/@dibakar16roy,modern wedding fusion,MrGGUk712xw
modern_fusion,modern_fusion_Y8oTor2oPcg.jpg,Bryan Jesus De Los Santos Breton,https://unsplash.com/@santosbreton90,modern wedding fusion,Y8oTor2oPcg
modern_fusion,modern_fusion_MpTeWKxov48.jpg,pixel pixelmatrix,https://unsplash.com/@pixelmatrix1,modern wedding fusion,MpTeWKxov48
modern_fusion,modern_fusion_cMvqD1FdVv0.jpg,550Park Luxury Wedding Films,https://unsplash.com/@550park,modern wedding fusion,cMvqD1FdVv0
modern_fusion,modern_fusion_BQPs0lKWKEc.jpg,AL Kaium,https://unsplash.com/@al_kaium,modern wedding fusion,BQPs0lKWKEc
modern_fusion,modern_fusion_ZcWNNEcWiB8.jpg,Raju Kumar,https://unsplash.com/@rajurajkumar28,modern wedding fusion,ZcWNNEcWiB8
modern_fusion,modern_fusion_TjfDbQAJrtA.jpg,Mohammed Sultan Farooqui,https://unsplash.com/@sultanfarooqui,modern wedding fusion,TjfDbQAJrtA
modern_fusion,modern_fusion_m4ZPOz8a4Po.jpg,Talmiz Ahmad,https://unsplash.com/@talmiz,modern wedding fusion,m4ZPOz8a4Po
modern_fusion,modern_fusion_WDAYW2_Tuks.jpg,rajat sarki,https://unsplash.com/@rajat_sarki,modern wedding fusion,WDAYW2_Tuks
modern_fusion,modern_fusion_vKV0pDXj1hM.jpg,550Park Luxury Wedding Films,https://unsplash.com/@550park,modern wedding fusion,vKV0pDXj1hM
modern_fusion,modern_fusion_Jox8BfLEnqU.jpg,Dipak Tolani,https://unsplash.com/@devbatra123,modern wedding fusion,Jox8BfLEnqU
modern_fusion,modern_fusion_Xo971bTpCRU.jpg,PRATEEK JAISWAL,https://unsplash.com/@prateekjaiswal,modern wedding fusion,Xo971bTpCRU
modern_fusion,modern_fusion_WJDAalHYERw.jpg,Royal Photography,https://unsplash.com/@royalfoto,modern wedding fusion,WJDAalHYERw
modern_fusion,modern_fusion_wM-YRBTCFDc.jpg,AJOY DAS,https://unsplash.com/@champsara,modern wedding fusion,wM-YRBTCFDc
modern_fusion,modern_fusion_GmCAXGoi7hE.jpg,Fotógrafo Samuel Cruz,https://unsplash.com/@fotografosamuelcruz,modern wedding fusion,GmCAXGoi7hE
modern_fusion,modern_fusion_G_IAmpkDyw8.jpg,Amit Chowdhury,https://unsplash.com/@xotic777,modern wedding fusion,G_IAmpkDyw8
modern_fusion,modern_fusion_gIs7tL5yXaY.jpg,ARTO SURAJ,https://unsplash.com/@artosuraj,modern wedding fusion,gIs7tL5yXaY
modern_fusion,modern_fusion_WUKuODM1DZw.jpg,AL Kaium,https://unsplash.com/@al_kaium,modern wedding fusion,WUKuODM1DZw
modern_fusion,modern_fusion_18QVLQs-JpI.jpg,Md Shahin,https://unsplash.com/@shahin134053,modern wedding fusion,18QVLQs-JpI
modern_fusion,modern_fusion_92uihfzuf2c.jpg,amol sonar,https://unsplash.com/@amoldhl,modern wedding fusion,92uihfzuf2c
modern_fusion,modern_fusion_XyzNFzqaryE.jpg,PRATEEK JAISWAL,https://unsplash.com/@prateekjaiswal,modern wedding fusion,XyzNFzqaryE
modern_fusion,modern_fusion_XT9KvpCYOns.jpg,Dipak Tolani,https://unsplash.com/@devbatra123,modern wedding fusion,XT9KvpCYOns
modern_fusion,modern_fusion_YhbYcqIO5UI.jpg,Amit Chowdhury,https://unsplash.com/@xotic777,modern wedding fusion,YhbYcqIO5UI
modern_fusion,modern_fusion_eGoUfzcIgfs.jpg,rajat sarki,https://unsplash.com/@rajat_sarki,modern wedding fusion,eGoUfzcIgfs
modern_fusion,modern_fusion_mCts7Ku80ak.jpg,ARTO SURAJ,https://unsplash.com/@artosuraj,modern wedding fusion,mCts7Ku80ak
modern_fusion,modern_fusion_A9-9hhwKK4I.jpg,Fotógrafo Samuel Cruz,https://unsplash.com/@fotografosamuelcruz,modern wedding fusion,A9-9hhwKK4I
modern_fusion,modern_fusion_fkRiqy085gQ.jpg,vatsal mandaviya,https://unsplash.com/@vatsal_mandavia,modern wedding fusion,fkRiqy085gQ
modern_fusion,modern_fusion_sokAttMCkrw.jpg,Mexsss__,https://unsplash.com/@mexsss,modern wedding fusion,sokAttMCkrw
modern_fusion,modern_fusion__lgezfknlBE.jpg,AJOY DAS,https://unsplash.com/@champsara,modern wedding fusion,_lgezfknlBE
modern_fusion,modern_fusion_Zqx4wcQi38M.jpg,AL Kaium,https://unsplash.com/@al_kaium,modern wedding fusion,Zqx4wcQi38M
modern_fusion,modern_fusion_qZqjCgYEWl4.jpg,Naeem Ad,https://unsplash.com/@mnaeemad,modern wedding fusion,qZqjCgYEWl4
modern_fusion,modern_fusion_suOqeyIvpcU.jpg,Mexsss__,https://unsplash.com/@mexsss,modern wedding fusion,suOqeyIvpcU
modern_fusion,modern_fusion_Lw8k7BX9d5A.jpg,Naeem Ad,https://unsplash.com/@mnaeemad,modern wedding fusion,Lw8k7BX9d5A
modern_fusion,modern_fusion_RhbWd2OC1J8.jpg,Ashwini Chaudhary(Monty),https://unsplash.com/@suicide_chewbacca,modern wedding fusion,RhbWd2OC1J8
modern_fusion,modern_fusion_3CdR8aUsCuU.jpg,wilsan u,https://unsplash.com/@wilsanphotography,modern wedding fusion,3CdR8aUsCuU
modern_fusion,modern_fusion_BjqEExaBGWU.jpg,Naeem Ad,https://unsplash.com/@mnaeemad,modern wedding fusion,BjqEExaBGWU
modern_fusion,modern_fusion_zM9BXwSeBYo.jpg,Dipak Tolani,https://unsplash.com/@devbatra123,modern wedding fusion,zM9BXwSeBYo
modern_fusion,modern_fusion_T6F0IrysJjg.jpg,Jenish Ghaadiya,https://unsplash.com/@thejenishghadiya_,modern wedding fusion,T6F0IrysJjg
modern_fusion,modern_fusion_LaM31O2NlEc.jpg,550Park Luxury Wedding Films,https://unsplash.com/@550park,modern wedding fusion,LaM31O2NlEc
modern_fusion,modern_fusion_71uu9hn50WE.jpg,PRATEEK JAISWAL,https://unsplash.com/@prateekjaiswal,modern wedding fusion,71uu9hn50WE
modern_fusion,modern_fusion_s59FSa7DZJo.jpg,Royal Photography,https://unsplash.com/@royalfoto,modern wedding fusion,s59FSa7DZJo
modern_fusion,modern_fusion_65WQdmyLoGk.jpg,AJOY DAS,https://unsplash.com/@champsara,modern wedding fusion,65WQdmyLoGk
modern_fusion,modern_fusion_PmUVET60JO4.jpg,manish_ jadhav_photography05,https://unsplash.com/@mjphotography05,modern wedding fusion,PmUVET60JO4
modern_fusion,modern_fusion_z2o3wKW6lk4.jpg,Aron Weerakoon,https://unsplash.com/@aron781n,modern wedding fusion,z2o3wKW6lk4
modern_fusion,modern_fusion_p6ZOv1asIsw.jpg,AJOY DAS,https://unsplash.com/@champsara,modern wedding fusion,p6ZOv1asIsw
modern_fusion,modern_fusion_a2pCMr4m8RA.jpg,Rejaul Karim,https://unsplash.com/@rejaul_creativedesign,modern wedding fusion,a2pCMr4m8RA
modern_fusion,modern_fusion_mMPOr6Hj3Mg.jpg,Mohammed Sultan Farooqui,https://unsplash.com/@sultanfarooqui,modern wedding fusion,mMPOr6Hj3Mg
modern_fusion,modern_fusion_NE5lnJtxt_4.jpg,Subhasis Mishra,https://unsplash.com/@subhasis_mishra_photography,modern wedding fusion,NE5lnJtxt_4
modern_fusion,modern_fusion_lvW_dm-B6b8.jpg,Sabesh Photography LTD,https://unsplash.com/@sabesh,modern wedding fusion,lvW_dm-B6b8
modern_fusion,modern_fusion_MmANww6OOjo.jpg,Sunil Chandra Sharma,https://unsplash.com/@sunilcsharma,modern wedding fusion,MmANww6OOjo
modern_fusion,modern_fusion_uoB0DNmNmy8.jpg,550Park Luxury Wedding Films,https://unsplash.com/@550park,modern wedding fusion,uoB0DNmNmy8
modern_fusion,modern_fusion_kHK8Gsuc3-M.jpg,Picnu,https://unsplash.com/@arununnikrishnan,modern wedding fusion,kHK8Gsuc3-M
modern_fusion,modern_fusion_5WnwEQQKdVM.jpg,Ashwini Chaudhary(Monty),https://unsplash.com/@suicide_chewbacca,modern wedding fusion,5WnwEQQKdVM
modern_fusion,modern_fusion_GvKrWtpeL9E.jpg,550Park Luxury Wedding Films,https://unsplash.com/@550park,modern wedding fusion,GvKrWtpeL9E
modern_fusion,modern_fusion_4AwscvVKsZo.jpg,Ashish Patel,https://unsplash.com/@ashish_makani,modern wedding fusion,4AwscvVKsZo
modern_fusion,modern_fusion_vEa4GRiEqk4.jpg,Maria Luísa Queiroz,https://unsplash.com/@maluqueirooz,modern wedding fusion,vEa4GRiEqk4
modern_fusion,modern_fusion_LjURY38AeME.jpg,Abishanth Ahilan,https://unsplash.com/@flywrk,modern wedding fusion,LjURY38AeME
modern_fusion,modern_fusion_U24mGMjnIIo.jpg,ARTO SURAJ,https://unsplash.com/@artosuraj,modern wedding fusion,U24mGMjnIIo
modern_fusion,modern_fusion_EjaJ9oYtoos.jpg,550Park Luxury Wedding Films,https://unsplash.com/@550park,modern wedding fusion,EjaJ9oYtoos
modern_fusion,modern_fusion_AtFcQLnCSXk.jpg,Sushanta Rokka,https://unsplash.com/@sanoyatra,modern wedding fusion,AtFcQLnCSXk
modern_fusion,modern_fusion_9j-UydOoToU.jpg,Kari Bjorn Photography,https://unsplash.com/@karibjorn,modern wedding fusion,9j-UydOoToU
modern_fusion,modern_fusion_U-oAjzcIltc.jpg,Rejaul Karim,https://unsplash.com/@rejaul_creativedesign,modern wedding fusion,U-oAjzcIltc
modern_fusion,modern_fusion_pB3S1y_Y7Tg.jpg,ARTO SURAJ,https://unsplash.com/@artosuraj,modern wedding fusion,pB3S1y_Y7Tg
modern_fusion,modern_fusion_OzyvCE9a60M.jpg,Sabesh Photography LTD,https://unsplash.com/@sabesh,modern wedding fusion,OzyvCE9a60M
modern_fusion,modern_fusion_wHLwQvOVAxE.jpg,Rejaul Karim,https://unsplash.com/@rejaul_creativedesign,modern wedding fusion,wHLwQvOVAxE
modern_fusion,modern_fusion_svzDkKU6uR8.jpg,Sabesh Photography LTD,https://unsplash.com/@sabesh,modern wedding fusion,svzDkKU6uR8
modern_fusion,modern_fusion_ljLm2CqEXXU.jpg,AL Kaium,https://unsplash.com/@al_kaium,modern wedding fusion,ljLm2CqEXXU
modern_fusion,modern_fusion_t9BMK4q5cCs.jpg,Sunil Chandra Sharma,https://unsplash.com/@sunilcsharma,modern wedding fusion,t9BMK4q5cCs
modern_fusion,modern_fusion_aGmlokf_qEE.jpg,Dibakar Roy,https://unsplash.com/@dibakar16roy,modern wedding fusion,aGmlokf_qEE
modern_fusion,modern_fusion_W_Vs9aey2pM.jpg,Aditya Enggar Perdana,https://unsplash.com/@enggarpaditya7,modern wedding fusion,W_Vs9aey2pM
modern_fusion,modern_fusion_qSmMzFvLeGE.jpg,Sabesh Photography LTD,https://unsplash.com/@sabesh,modern wedding fusion,qSmMzFvLeGE
modern_fusion,modern_fusion_0ci9am-l-Dk.jpg,Vaibhav Nagare,https://unsplash.com/@vaibhavnagare,modern wedding fusion,0ci9am-l-Dk
modern_fusion,modern_fusion_HbHDFOvHUkc.jpg,Ashwini Chaudhary(Monty),https://unsplash.com/@suicide_chewbacca,modern wedding fusion,HbHDFOvHUkc
modern_fusion,modern_fusion_L-igxqv0k_s.jpg,Talmiz Ahmad,https://unsplash.com/@talmiz,modern wedding fusion,L-igxqv0k_s
modern_fusion,modern_fusion_Ou6W08yQY1s.jpg,AJOY DAS,https://unsplash.com/@champsara,modern wedding fusion,Ou6W08yQY1s
modern_fusion,modern_fusion_HNus_vQ5Uw8.jpg,Md Shahin,https://unsplash.com/@shahin134053,modern wedding fusion,HNus_vQ5Uw8
modern_fusion,modern_fusion_3rWSAv1Gb-E.jpg,Rio Syhputra,https://unsplash.com/@lingkarphoto,modern wedding fusion,3rWSAv1Gb-E
modern_fusion,modern_fusion_sTp-dDBc4Xw.jpg,Saksham Gangwar,https://unsplash.com/@saksham,modern wedding fusion,sTp-dDBc4Xw
modern_fusion,modern_fusion_2xOmiSwMU78.jpg,Md Shahin,https://unsplash.com/@shahin134053,modern wedding fusion,2xOmiSwMU78
modern_fusion,modern_fusion_XPkagx8v1_Y.jpg,Picture & Poet,https://unsplash.com/@amarpoems08,modern wedding fusion,XPkagx8v1_Y
modern_fusion,modern_fusion_Eo034F_Y5Tc.jpg,Dmitry Rodionov,https://unsplash.com/@knuckles_echidna,modern wedding fusion,Eo034F_Y5Tc
modern_fusion,modern_fusion_O3nJaQgg6kY.jpg,kabita Darlami,https://unsplash.com/@itskabita,modern wedding fusion,O3nJaQgg6kY
modern_fusion,modern_fusion_Y-bJ6K65f_c.jpg,Sushanta Rokka,https://unsplash.com/@sanoyatra,modern wedding fusion,Y-bJ6K65f_c
modern_fusion,modern_fusion_M2xgyvjfz2k.jpg,AL Kaium,https://unsplash.com/@al_kaium,modern wedding fusion,M2xgyvjfz2k
modern_fusion,modern_fusion_MG1ctpQBRyY.jpg,Renaldo Matamoro,https://unsplash.com/@rmvisuals,modern wedding fusion,MG1ctpQBRyY
modern_fusion,modern_fusion_H69BM96mmas.jpg,Dmitry Rodionov,https://unsplash.com/@knuckles_echidna,modern wedding fusion,H69BM96mmas
modern_fusion,modern_fusion_AIW1z7uUhNY.jpg,Pranab Debnath,https://unsplash.com/@pranabpictures,modern wedding fusion,AIW1z7uUhNY
modern_fusion,modern_fusion_roIUtQat-Xw.jpg,Cord Allman,https://unsplash.com/@cordallman,modern wedding fusion,roIUtQat-Xw
modern_fusion,modern_fusion_eoeeOOkMC6E.jpg,AMISH THAKKAR,https://unsplash.com/@amishthakkar,modern wedding fusion,eoeeOOkMC6E
modern_fusion,modern_fusion_ZLu5SVgE94Y.jpg,Seif Eddin Khayat,https://unsplash.com/@seifkh,modern wedding fusion,ZLu5SVgE94Y
modern_fusion,modern_fusion_OGORV9KOXBM.jpg,Bulbul Ahmed,https://unsplash.com/@bulbul252,modern wedding fusion,OGORV9KOXBM
modern_fusion,modern_fusion_SYJp48AUU5E.jpg,PRATEEK JAISWAL,https://unsplash.com/@prateekjaiswal,modern wedding fusion,SYJp48AUU5E
indian_influenced,indian_influenced_7O422yG_b80.jpg,AMISH THAKKAR,https://unsplash.com/@amishthakkar,indian wedding,7O422yG_b80
indian_influenced,indian_influenced_SUwPo4ErQCc.jpg,Love Arya,https://unsplash.com/@lovearya,indian wedding,SUwPo4ErQCc
indian_influenced,indian_influenced_bWQ6-0c_ZcM.jpg,Jayesh Jalodara,https://unsplash.com/@jalodarajk,indian wedding,bWQ6-0c_ZcM
indian_influenced,indian_influenced_gfVofr15ICc.jpg,Vitaliy Lyubezhanin,https://unsplash.com/@aperinastudios,indian wedding,gfVofr15ICc
indian_influenced,indian_influenced_1rLF6hxmm7M.jpg,AMISH THAKKAR,https://unsplash.com/@amishthakkar,indian wedding,1rLF6hxmm7M
indian_influenced,indian_influenced_lKwp3-FQomY.jpg,Khadija Yousaf,https://unsplash.com/@kography,indian wedding,lKwp3-FQomY
indian_influenced,indian_influenced_bTdn4zGz4BQ.jpg,Vaibhav Nagare,https://unsplash.com/@vaibhavnagare,indian wedding,bTdn4zGz4BQ
indian_influenced,indian_influenced_EiGfP6DxgN8.jpg,AMISH THAKKAR,https://unsplash.com/@amishthakkar,indian wedding,EiGfP6DxgN8
indian_influenced,indian_influenced_cLHpMoahCCg.jpg,ARTO SURAJ,https://unsplash.com/@artosuraj,indian wedding,cLHpMoahCCg
indian_influenced,indian_influenced_BMqdsfkZ0I0.jpg,rajat sarki,https://unsplash.com/@rajat_sarki,indian wedding,BMqdsfkZ0I0
indian_influenced,indian_influenced_o-YVbMFIAsI.jpg,ARTO SURAJ,https://unsplash.com/@artosuraj,indian wedding,o-YVbMFIAsI
indian_influenced,indian_influenced_jWBxlyVZ3bg.jpg,ARTO SURAJ,https://unsplash.com/@artosuraj,indian wedding,jWBxlyVZ3bg
indian_influenced,indian_influenced_yS6e3uhm_ZM.jpg,ARTO SURAJ,https://unsplash.com/@artosuraj,indian wedding,yS6e3uhm_ZM
indian_influenced,indian_influenced_eZXqmTEaYA8.jpg,pixel studios,https://unsplash.com/@pixel_studios_nlr,indian wedding,eZXqmTEaYA8
indian_influenced,indian_influenced_DC0d6A2kX0k.jpg,Abhay Patel,https://unsplash.com/@abhaypatel,indian wedding,DC0d6A2kX0k
indian_influenced,indian_influenced_EnEVc2toiCg.jpg,SB Film Studio,https://unsplash.com/@sbfilmstudio,indian wedding,EnEVc2toiCg
indian_influenced,indian_influenced_MW0q7zt0OYU.jpg,Pranav Kumar Jain,https://unsplash.com/@peejayvisual,indian wedding,MW0q7zt0OYU
indian_influenced,indian_influenced_QXEITcoqkOU.jpg,ARTO SURAJ,https://unsplash.com/@artosuraj,indian wedding,QXEITcoqkOU
indian_influenced,indian_influenced_MeOiwmZwG_k.jpg,Rajesh Mishra,https://unsplash.com/@mishrajesh2020,indian wedding,MeOiwmZwG_k
indian_influenced,indian_influenced_ZdRpihfnfek.jpg,Vaibhav Nagare,https://unsplash.com/@vaibhavnagare,indian wedding,ZdRpihfnfek
indian_influenced,indian_influenced_ySw3ENMuD9E.jpg,Alok Verma,https://unsplash.com/@theweddingfocus,indian wedding,ySw3ENMuD9E
indian_influenced,indian_influenced_uRWekN5S39g.jpg,Awesome Sauce Creative,https://unsplash.com/@awesomesauce_creative,indian wedding,uRWekN5S39g
indian_influenced,indian_influenced_JjOm8445mXw.jpg,Mohammed Sultan Farooqui,https://unsplash.com/@sultanfarooqui,indian wedding,JjOm8445mXw
indian_influenced,indian_influenced_GSE4QNn5fI0.jpg,ARTO SURAJ,https://unsplash.com/@artosuraj,indian wedding,GSE4QNn5fI0
indian_influenced,indian_influenced_etDySNihXU0.jpg,Sabesh Photography LTD,https://unsplash.com/@sabesh,indian wedding,etDySNihXU0
indian_influenced,indian_influenced_2XXQkrL0k-Q.jpg,roshan pms,https://unsplash.com/@roshanpms,indian wedding,2XXQkrL0k-Q
indian_influenced,indian_influenced_JizEew4-FcY.jpg,Vaibhav Nagare,https://unsplash.com/@vaibhavnagare,indian wedding,JizEew4-FcY
indian_influenced,indian_influenced_vFXkTZhI9Yg.jpg,Sabesh Photography LTD,https://unsplash.com/@sabesh,indian wedding,vFXkTZhI9Yg
indian_influenced,indian_influenced__5ax2wj3etU.jpg,Royal Photography,https://unsplash.com/@royalfoto,indian wedding,_5ax2wj3etU
indian_influenced,indian_influenced_wsptUzh0CLw.jpg,Awesome Sauce Creative,https://unsplash.com/@awesomesauce_creative,indian wedding,wsptUzh0CLw
indian_influenced,indian_influenced_OJ6LOiMcQ5k.jpg,Marcus Lewis,https://unsplash.com/@marcusvlewis,indian wedding,OJ6LOiMcQ5k
indian_influenced,indian_influenced_8vmvtj_W4xQ.jpg,AMISH THAKKAR,https://unsplash.com/@amishthakkar,indian wedding,8vmvtj_W4xQ
indian_influenced,indian_influenced_ZBu-tVLMBto.jpg,Sabesh Photography LTD,https://unsplash.com/@sabesh,indian wedding,ZBu-tVLMBto
indian_influenced,indian_influenced_MDaD_usOE90.jpg,BenMoses M,https://unsplash.com/@im_benmoses,indian wedding,MDaD_usOE90
indian_influenced,indian_influenced_lvZN2e4LPvg.jpg,Awesome Sauce Creative,https://unsplash.com/@awesomesauce_creative,indian wedding,lvZN2e4LPvg
indian_influenced,indian_influenced_iSggRNVDnb8.jpg,AMISH THAKKAR,https://unsplash.com/@amishthakkar,indian wedding,iSggRNVDnb8
indian_influenced,indian_influenced_Ys52rPvPbpU.jpg,Akhil Pawar,https://unsplash.com/@apawar,indian wedding,Ys52rPvPbpU
indian_influenced,indian_influenced_KTEtxTbW3zo.jpg,Anubhav Event Productions,https://unsplash.com/@anubhaveventproductions,indian wedding,KTEtxTbW3zo
indian_influenced,indian_influenced_jQ3UdoWiFis.jpg,Alok Verma,https://unsplash.com/@theweddingfocus,indian wedding,jQ3UdoWiFis
indian_influenced,indian_influenced_ZRWbtTie4_Q.jpg,Christopher Brown,https://unsplash.com/@christopher_a_brown,indian wedding,ZRWbtTie4_Q
indian_influenced,indian_influenced_NvuOJFK53sE.jpg,rajat sarki,https://unsplash.com/@rajat_sarki,indian wedding,NvuOJFK53sE
indian_influenced,indian_influenced_U4OS-GimdXA.jpg,Joshuva Daniel,https://unsplash.com/@joshuvadaniel,indian wedding,U4OS-GimdXA
indian_influenced,indian_influenced__-RYXBG7sdA.jpg,ARTO SURAJ,https://unsplash.com/@artosuraj,indian wedding,_-RYXBG7sdA
indian_influenced,indian_influenced_KBk7eN_4dvs.jpg,ARTO SURAJ,https://unsplash.com/@artosuraj,indian wedding,KBk7eN_4dvs
indian_influenced,indian_influenced_KTZxiyacMCk.jpg,AMISH THAKKAR,https://unsplash.com/@amishthakkar,indian wedding,KTZxiyacMCk
indian_influenced,indian_influenced_5cgydYvq9J0.jpg,Vaibhav Nagare,https://unsplash.com/@vaibhavnagare,indian wedding,5cgydYvq9J0
indian_influenced,indian_influenced_lYD9aAsFqXU.jpg,Arun Prakash,https://unsplash.com/@its_arunprakash,indian wedding,lYD9aAsFqXU
indian_influenced,indian_influenced_X043iGS0DdY.jpg,Suborna Jahan,https://unsplash.com/@iraamoni,indian wedding,X043iGS0DdY
indian_influenced,indian_influenced_xTEho8-HGD8.jpg,Avinash Uppuluri,https://unsplash.com/@uppu1988,indian wedding,xTEho8-HGD8
indian_influenced,indian_influenced_Al2Kps9hipo.jpg,Akash Gurle,https://unsplash.com/@chitr_agraph,indian wedding,Al2Kps9hipo
indian_influenced,indian_influenced_gStPyUC-PqI.jpg,ARTO SURAJ,https://unsplash.com/@artosuraj,indian wedding,gStPyUC-PqI
indian_influenced,indian_influenced_bepm97XDdSI.jpg,Abuzar Xheikh,https://unsplash.com/@abuzarxheikh,indian wedding,bepm97XDdSI
indian_influenced,indian_influenced_YTEj-9pUH_k.jpg,ARTO SURAJ,https://unsplash.com/@artosuraj,indian wedding,YTEj-9pUH_k
indian_influenced,indian_influenced_z3rzhRweKB4.jpg,Sabesh Photography LTD,https://unsplash.com/@sabesh,indian wedding,z3rzhRweKB4
indian_influenced,indian_influenced_godhydmIwgc.jpg,AÉNL Weddings,https://unsplash.com/@aenlweddings,indian wedding,godhydmIwgc
indian_influenced,indian_influenced_yfhXPFnP14Y.jpg,Anubhav Event Productions,https://unsplash.com/@anubhaveventproductions,indian wedding,yfhXPFnP14Y
indian_influenced,indian_influenced_cvM0vLjVBjA.jpg,Mohammed Sultan Farooqui,https://unsplash.com/@sultanfarooqui,indian wedding,cvM0vLjVBjA
indian_influenced,indian_influenced_FuRnvLJCz_I.jpg,Anmol Gadataranavar,https://unsplash.com/@render_envision,indian wedding,FuRnvLJCz_I
indian_influenced,indian_influenced_4_RsgXrTgEg.jpg,Rohit Sharma,https://unsplash.com/@rohitsharma1785,indian wedding,4_RsgXrTgEg
indian_influenced,indian_influenced_e23HVQIGH6Q.jpg,Fas Khan,https://unsplash.com/@fasbytes,indian wedding,e23HVQIGH6Q
indian_influenced,indian_influenced_0SALF40WfQg.jpg,Axn photography,https://unsplash.com/@axn_photography,indian wedding,0SALF40WfQg
indian_influenced,indian_influenced_XGeKyTG6U6A.jpg,Vidit Goswami,https://unsplash.com/@viditgoswami,indian wedding,XGeKyTG6U6A
indian_influenced,indian_influenced_REmCdjjUeB8.jpg,AMISH THAKKAR,https://unsplash.com/@amishthakkar,indian wedding,REmCdjjUeB8
indian_influenced,indian_influenced_IXJJiTahl_s.jpg,Picnu,https://unsplash.com/@arununnikrishnan,indian wedding,IXJJiTahl_s
indian_influenced,indian_influenced_6PbpHTyAjPA.jpg,ARTO SURAJ,https://unsplash.com/@artosuraj,indian wedding,6PbpHTyAjPA
indian_influenced,indian_influenced_T5cfwwX5eZs.jpg,Royal Photography,https://unsplash.com/@royalfoto,indian wedding,T5cfwwX5eZs
indian_influenced,indian_influenced_d0IgOO3eqmA.jpg,Rohan Solankurkar,https://unsplash.com/@rohan1248,indian wedding,d0IgOO3eqmA
indian_influenced,indian_influenced__TMwYSDfmF4.jpg,ARTO SURAJ,https://unsplash.com/@artosuraj,indian wedding,_TMwYSDfmF4
indian_influenced,indian_influenced_zSX9_MM_pSA.jpg,Prajna Amey,https://unsplash.com/@prajna,indian wedding,zSX9_MM_pSA
indian_influenced,indian_influenced_7Mre86MB1zQ.jpg,NONRESIDENT,https://unsplash.com/@nonresident,indian wedding,7Mre86MB1zQ
indian_influenced,indian_influenced_ZQJzMDWyqEI.jpg,Awesome Sauce Creative,https://unsplash.com/@awesomesauce_creative,indian wedding,ZQJzMDWyqEI
indian_influenced,indian_influenced_JEYGO-0sqjk.jpg,Manoj Chauhan,https://unsplash.com/@manojchauhan48,indian wedding,JEYGO-0sqjk
indian_influenced,indian_influenced_dHQf0wGQTzk.jpg,AMISH THAKKAR,https://unsplash.com/@amishthakkar,indian wedding,dHQf0wGQTzk
indian_influenced,indian_influenced_GyiVDLrex-A.jpg,ARTO SURAJ,https://unsplash.com/@artosuraj,indian wedding,GyiVDLrex-A
indian_influenced,indian_influenced_S9HbJm5KRqk.jpg,pixel studios,https://unsplash.com/@pixel_studios_nlr,indian wedding,S9HbJm5KRqk
indian_influenced,indian_influenced_jm2EV4VTQN8.jpg,Ken S,https://unsplash.com/@chum94555,indian wedding,jm2EV4VTQN8
indian_influenced,indian_influenced_dRAuJGSf_c4.jpg,KISHAN E,https://unsplash.com/@photocrewpicturessss,indian wedding,dRAuJGSf_c4
indian_influenced,indian_influenced_5uajFrRe7_0.jpg,Anubhav Event Productions,https://unsplash.com/@anubhaveventproductions,indian wedding,5uajFrRe7_0
indian_influenced,indian_influenced_SMRfhrFhWr0.jpg,Davor Denkovski,https://unsplash.com/@ddenkovski,indian wedding,SMRfhrFhWr0
indian_influenced,indian_influenced_lwjBhbslaF4.jpg,Hush Naidoo Jade Photography,https://unsplash.com/@hush52,indian wedding,lwjBhbslaF4
indian_influenced,indian_influenced_pGFq3zTn_UM.jpg,Aastha Bansal,https://unsplash.com/@the_travelsmokey,indian wedding,pGFq3zTn_UM
indian_influenced,indian_influenced_iohwhGTQfxU.jpg,AMISH THAKKAR,https://unsplash.com/@amishthakkar,indian wedding,iohwhGTQfxU
indian_influenced,indian_influenced_MDsZXdTp_Kw.jpg,shades by 43,https://unsplash.com/@shades_by_43,indian wedding,MDsZXdTp_Kw
indian_influenced,indian_influenced_zxEM02gA_8U.jpg,anik das,https://unsplash.com/@anik01993,indian wedding,zxEM02gA_8U
indian_influenced,indian_influenced_J0NIzydkHnc.jpg,Awesome Sauce Creative,https://unsplash.com/@awesomesauce_creative,indian wedding,J0NIzydkHnc
indian_influenced,indian_influenced_ZP2RhE9hXGc.jpg,Awesome Sauce Creative,https://unsplash.com/@awesomesauce_creative,indian wedding,ZP2RhE9hXGc
indian_influenced,indian_influenced_2refyebyJr4.jpg,Awesome Sauce Creative,https://unsplash.com/@awesomesauce_creative,indian wedding,2refyebyJr4
indian_influenced,indian_influenced_FWxSEOdY9aw.jpg,Awesome Sauce Creative,https://unsplash.com/@awesomesauce_creative,indian wedding,FWxSEOdY9aw
indian_influenced,indian_influenced_w3iPyAOgoTM.jpg,Awesome Sauce Creative,https://unsplash.com/@awesomesauce_creative,indian wedding,w3iPyAOgoTM
indian_influenced,indian_influenced_mx1lndW_eH0.jpg,Awesome Sauce Creative,https://unsplash.com/@awesomesauce_creative,indian wedding,mx1lndW_eH0
indian_influenced,indian_influenced_-aCFcojh42g.jpg,Awesome Sauce Creative,https://unsplash.com/@awesomesauce_creative,indian wedding,-aCFcojh42g
indian_influenced,indian_influenced_DA2wS6oByP0.jpg,Awesome Sauce Creative,https://unsplash.com/@awesomesauce_creative,indian wedding,DA2wS6oByP0
indian_influenced,indian_influenced_8_pR5wUVbAo.jpg,Awesome Sauce Creative,https://unsplash.com/@awesomesauce_creative,indian wedding,8_pR5wUVbAo
indian_influenced,indian_influenced__-MK8mUoDVI.jpg,Awesome Sauce Creative,https://unsplash.com/@awesomesauce_creative,indian wedding,_-MK8mUoDVI
indian_influenced,indian_influenced_sDZ5RmjHAu0.jpg,Awesome Sauce Creative,https://unsplash.com/@awesomesauce_creative,indian wedding,sDZ5RmjHAu0
indian_influenced,indian_influenced_auAh5oo8Lfs.jpg,Awesome Sauce Creative,https://unsplash.com/@awesomesauce_creative,indian wedding,auAh5oo8Lfs
indian_influenced,indian_influenced_jFQZVwFvmN4.jpg,Awesome Sauce Creative,https://unsplash.com/@awesomesauce_creative,indian wedding,jFQZVwFvmN4
indian_influenced,indian_influenced_Fz_qILtjgOg.jpg,Awesome Sauce Creative,https://unsplash.com/@awesomesauce_creative,indian wedding,Fz_qILtjgOg
indian_influenced,indian_influenced_FhQSb7Ji-R8.jpg,Awesome Sauce Creative,https://unsplash.com/@awesomesauce_creative,indian wedding,FhQSb7Ji-R8
indian_influenced,indian_influenced_DgS0RFf3lHc.jpg,Awesome Sauce Creative,https://unsplash.com/@awesomesauce_creative,indian wedding,DgS0RFf3lHc
indian_influenced,indian_influenced_bRQbqKNvHRY.jpg,Awesome Sauce Creative,https://unsplash.com/@awesomesauce_creative,indian wedding,bRQbqKNvHRY
indian_influenced,indian_influenced_f6_SWVaK27Y.jpg,Awesome Sauce Creative,https://unsplash.com/@awesomesauce_creative,indian wedding,f6_SWVaK27Y
indian_influenced,indian_influenced_zsKdP2LAdv8.jpg,Awesome Sauce Creative,https://unsplash.com/@awesomesauce_creative,indian wedding,zsKdP2LAdv8
indian_influenced,indian_influenced_-mDhYSx1gzM.jpg,Awesome Sauce Creative,https://unsplash.com/@awesomesauce_creative,indian wedding,-mDhYSx1gzM
indian_influenced,indian_influenced_TusMg03NLf4.jpg,Arka Karmakar,https://unsplash.com/@arkakarmakar97,indian wedding,TusMg03NLf4
indian_influenced,indian_influenced_03YFqHwT-tI.jpg,Anirban Sarkar,https://unsplash.com/@anirbansarkar9433,indian wedding,03YFqHwT-tI
indian_influenced,indian_influenced_BkyyBJgibOo.jpg,Nayanika Mukherjee,https://unsplash.com/@journyes,indian wedding,BkyyBJgibOo
indian_influenced,indian_influenced_RRw3NLweALM.jpg,Anirban Sarkar,https://unsplash.com/@anirbansarkar9433,indian wedding,RRw3NLweALM
indian_influenced,indian_influenced_d2yO9kw5tLQ.jpg,Manoj Chauhan,https://unsplash.com/@manojchauhan48,indian wedding,d2yO9kw5tLQ
indian_influenced,indian_influenced__4Nn_YSADxY.jpg,shades by 43,https://unsplash.com/@shades_by_43,indian wedding,_4Nn_YSADxY
indian_influenced,indian_influenced_WeXDbm1J9Qo.jpg,Vetrivel Viswanathar,https://unsplash.com/@vetrivikashviswanathar,indian wedding,WeXDbm1J9Qo
indian_influenced,indian_influenced_Q1zZpSz7uBg.jpg,Henil Kajavadra,https://unsplash.com/@henilkajavadra,indian wedding,Q1zZpSz7uBg
indian_influenced,indian_influenced_0GfhuSxaMvo.jpg,Vetrivel Viswanathar,https://unsplash.com/@vetrivikashviswanathar,indian wedding,0GfhuSxaMvo
indian_influenced,indian_influenced_W5Da8syWn_k.jpg,Vetrivel Viswanathar,https://unsplash.com/@vetrivikashviswanathar,indian wedding,W5Da8syWn_k
indian_influenced,indian_influenced_vR_OymTk0pE.jpg,Vetrivel Viswanathar,https://unsplash.com/@vetrivikashviswanathar,indian wedding,vR_OymTk0pE
indian_influenced,indian_influenced_Kia0wy5hQL8.jpg,Henil Kajavadra,https://unsplash.com/@henilkajavadra,indian wedding,Kia0wy5hQL8
indian_influenced,indian_influenced_fGza6-icgq0.jpg,Viviana Rishe,https://unsplash.com/@vivirishe,indian wedding,fGza6-icgq0
indian_influenced,indian_influenced_q6wu8zM57i8.jpg,Viviana Rishe,https://unsplash.com/@vivirishe,indian wedding,q6wu8zM57i8
indian_influenced,indian_influenced_VJP7K4uihUA.jpg,shades by 43,https://unsplash.com/@shades_by_43,indian wedding,VJP7K4uihUA
indian_influenced,indian_influenced_9Dcz1a2-pS0.jpg,Henil Kajavadra,https://unsplash.com/@henilkajavadra,indian wedding,9Dcz1a2-pS0
indian_influenced,indian_influenced_P1pCYcSAw88.jpg,anik das,https://unsplash.com/@anik01993,indian wedding,P1pCYcSAw88
indian_influenced,indian_influenced_xfEQlM_XzDQ.jpg,iKshana Productions,https://unsplash.com/@ikshanaproductions,indian wedding,xfEQlM_XzDQ
indian_influenced,indian_influenced_8qGFBVyrVZs.jpg,Titas Mallick,https://unsplash.com/@titas_mallick,indian wedding,8qGFBVyrVZs
indian_influenced,indian_influenced_kD_bhWE9_mQ.jpg,Shreesha bhat,https://unsplash.com/@theshreeshabhat,indian wedding,kD_bhWE9_mQ
indian_influenced,indian_influenced_DHmVaAsJBCw.jpg,Axn photography,https://unsplash.com/@axn_photography,indian wedding,DHmVaAsJBCw
indian_influenced,indian_influenced_6Vd7vPp5GxQ.jpg,Axn photography,https://unsplash.com/@axn_photography,indian wedding,6Vd7vPp5GxQ
indian_influenced,indian_influenced_3kEtWZuVCm0.jpg,ZEKERIYA SEN,https://unsplash.com/@zekeriya,indian wedding,3kEtWZuVCm0
indian_influenced,indian_influenced_EYHSwwWyQWg.jpg,Rejaul Karim,https://unsplash.com/@rejaul_creativedesign,indian wedding,EYHSwwWyQWg
indian_influenced,indian_influenced_gZVRcvQ1u4M.jpg,anik das,https://unsplash.com/@anik01993,indian wedding,gZVRcvQ1u4M
indian_influenced,indian_influenced_YtTnSzzAFCo.jpg,AMISH THAKKAR,https://unsplash.com/@amishthakkar,indian wedding,YtTnSzzAFCo
indian_influenced,indian_influenced_ojM9SnzXFTM.jpg,Ashraful Islam,https://unsplash.com/@ashraful25,indian wedding,ojM9SnzXFTM
indian_influenced,indian_influenced_TRInNYmCK5Y.jpg,Joyanto Joy,https://unsplash.com/@joyanto_joy,indian wedding,TRInNYmCK5Y
indian_influenced,indian_influenced_wbLCos9rVLQ.jpg,anik das,https://unsplash.com/@anik01993,indian wedding,wbLCos9rVLQ
indian_influenced,indian_influenced_od-NpQxMQH4.jpg,Somesh Harshavardhan,https://unsplash.com/@harshtakes,indian wedding,od-NpQxMQH4
indian_influenced,indian_influenced_Z433Kp4-9x4.jpg,Rejaul Karim,https://unsplash.com/@rejaul_creativedesign,indian wedding,Z433Kp4-9x4
indian_influenced,indian_influenced_FHkqJK9n_hc.jpg,pixel studios,https://unsplash.com/@pixel_studios_nlr,indian wedding,FHkqJK9n_hc
indian_influenced,indian_influenced_pf0d6eJl6_E.jpg,AMISH THAKKAR,https://unsplash.com/@amishthakkar,indian wedding,pf0d6eJl6_E
indian_influenced,indian_influenced_v87TptIdTxc.jpg,Abhishek Sharma,https://unsplash.com/@abhishekvats,indian wedding,v87TptIdTxc
indian_influenced,indian_influenced_jirG1ekYsnY.jpg,anik das,https://unsplash.com/@anik01993,indian wedding,jirG1ekYsnY
indian_influenced,indian_influenced_-vMVPbj0gTo.jpg,AÉNL Weddings,https://unsplash.com/@aenlweddings,indian wedding,-vMVPbj0gTo
indian_influenced,indian_influenced_kx1s3LYoJ9w.jpg,Ricky Raina,https://unsplash.com/@rickyraina,indian wedding,kx1s3LYoJ9w
indian_influenced,indian_influenced_20tQDSLut0o.jpg,Shaantanu Bhatt,https://unsplash.com/@shaantanu_bhatt__,indian wedding,20tQDSLut0o
indian_influenced,indian_influenced_vE4_vyeMN_I.jpg,Sayan Guha,https://unsplash.com/@sayanguha04,indian wedding,vE4_vyeMN_I
indian_influenced,indian_influenced_kusMjRT_bh8.jpg,Titas Mallick,https://unsplash.com/@titas_mallick,indian wedding,kusMjRT_bh8
indian_influenced,indian_influenced_M0_7lA93608.jpg,MOHAMMAD AL JANNAT RAKIN,https://unsplash.com/@aljannatrakin,indian wedding,M0_7lA93608
indian_influenced,indian_influenced_LOcfb9s6-tw.jpg,Rejaul Karim,https://unsplash.com/@rejaul_creativedesign,indian wedding,LOcfb9s6-tw
indian_influenced,indian_influenced_8OGwalxjFXg.jpg,Abhishek Sharma,https://unsplash.com/@abhishekvats,indian wedding,8OGwalxjFXg
indian_influenced,indian_influenced_2KgBh8eTko4.jpg,Rejaul Karim,https://unsplash.com/@rejaul_creativedesign,indian wedding,2KgBh8eTko4
indian_influenced,indian_influenced_7x43SdGqXx4.jpg,Ankitha V Rao,https://unsplash.com/@ankitha_rao,indian wedding,7x43SdGqXx4
indian_influenced,indian_influenced_x3DZI7LMArw.jpg,Royal Photography,https://unsplash.com/@royalfoto,indian wedding,x3DZI7LMArw
indian_influenced,indian_influenced_0UK-5YpHmyY.jpg,Shravan K Acharya,https://unsplash.com/@shravankacharya,indian wedding,0UK-5YpHmyY
indian_influenced,indian_influenced_xLbmwAw85Es.jpg,AÉNL Weddings,https://unsplash.com/@aenlweddings,indian wedding,xLbmwAw85Es
indian_influenced,indian_influenced_PjRdqE1WSbQ.jpg,AL Kaium,https://unsplash.com/@al_kaium,indian wedding,PjRdqE1WSbQ
indian_influenced,indian_influenced_B9UBRAvamWU.jpg,ARTO SURAJ,https://unsplash.com/@artosuraj,indian wedding,B9UBRAvamWU
indian_influenced,indian_influenced_aXEb8ro87UA.jpg,Amit Priya,https://unsplash.com/@coupleamtpriya,indian wedding,aXEb8ro87UA
indian_influenced,indian_influenced_Zkl8SLl-gVU.jpg,Rejaul Karim,https://unsplash.com/@rejaul_creativedesign,indian wedding,Zkl8SLl-gVU
indian_influenced,indian_influenced_YKmOYljj8dQ.jpg,Rejaul Karim,https://unsplash.com/@rejaul_creativedesign,indian wedding,YKmOYljj8dQ
indian_influenced,indian_influenced_ZvjrCaPDU1c.jpg,Mustafa Fatemi,https://unsplash.com/@solaticace,indian wedding,ZvjrCaPDU1c
indian_influenced,indian_influenced_9J3Ob0OIJq4.jpg,AL Kaium,https://unsplash.com/@al_kaium,indian wedding,9J3Ob0OIJq4
indian_influenced,indian_influenced_0MrAELFzEmM.jpg,AL Kaium,https://unsplash.com/@al_kaium,indian wedding,0MrAELFzEmM
indian_influenced,indian_influenced_y-r-Ew97x-o.jpg,AL Kaium,https://unsplash.com/@al_kaium,indian wedding,y-r-Ew97x-o
indian_influenced,indian_influenced_LDapf38eD-k.jpg,Suresh Chavan,https://unsplash.com/@741suresh,indian wedding,LDapf38eD-k
indian_influenced,indian_influenced_ADujNM4QyAk.jpg,SB Film Studio,https://unsplash.com/@sbfilmstudio,indian wedding,ADujNM4QyAk
indian_influenced,indian_influenced_fdRfGZtKMMc.jpg,AJOY DAS,https://unsplash.com/@champsara,indian wedding,fdRfGZtKMMc
indian_influenced,indian_influenced_kjSI6TQBg7w.jpg,Royal Photography,https://unsplash.com/@royalfoto,indian wedding,kjSI6TQBg7w
indian_influenced,indian_influenced_0sKp_s3xDDs.jpg,Deepak Vedwal,https://unsplash.com/@vedwal_official,indian wedding,0sKp_s3xDDs
indian_influenced,indian_influenced_ix0Q5TucFP8.jpg,Abhishek Ravi,https://unsplash.com/@greensyntax,indian wedding,ix0Q5TucFP8
indian_influenced,indian_influenced_popVruawXhQ.jpg,Shaon Kumar Sarker,https://unsplash.com/@shaonkumarsarker,indian wedding,popVruawXhQ
indian_influenced,indian_influenced_EL-c9qfSVDA.jpg,Anirban Sarkar,https://unsplash.com/@anirbansarkar9433,indian wedding,EL-c9qfSVDA
indian_influenced,indian_influenced_9A6239bFov0.jpg,Raju Kumar,https://unsplash.com/@rajurajkumar28,indian wedding,9A6239bFov0
indian_influenced,indian_influenced_ofVK8F48uM0.jpg,Shaon Kumar Sarker,https://unsplash.com/@shaonkumarsarker,indian wedding,ofVK8F48uM0
indian_influenced,indian_influenced_kgVYTsyouOc.jpg,Suresh Chavan,https://unsplash.com/@741suresh,indian wedding,kgVYTsyouOc
indian_influenced,indian_influenced_Cey5ZvZajSI.jpg,Mustafa Fatemi,https://unsplash.com/@solaticace,indian wedding,Cey5ZvZajSI
indian_influenced,indian_influenced_L10f5rCMG-E.jpg,anik das,https://unsplash.com/@anik01993,indian wedding,L10f5rCMG-E
indian_influenced,indian_influenced_BMX3d9lZy3g.jpg,AL Kaium,https://unsplash.com/@al_kaium,indian wedding,BMX3d9lZy3g
indian_influenced,indian_influenced_7vRXfbM6rFs.jpg,AL Kaium,https://unsplash.com/@al_kaium,indian wedding,7vRXfbM6rFs
indian_influenced,indian_influenced_ygwz3w6Cxog.jpg,Vaibhav Nagare,https://unsplash.com/@vaibhavnagare,indian wedding,ygwz3w6Cxog
indian_influenced,indian_influenced_i17oLLJTPRw.jpg,Vetrivel Viswanathar,https://unsplash.com/@vetrivikashviswanathar,indian wedding,i17oLLJTPRw
indian_influenced,indian_influenced_woaOla1XNFM.jpg,swarnjain photography,https://unsplash.com/@swarnjainphotography,indian wedding,woaOla1XNFM
indian_influenced,indian_influenced_m8ihqFCTLgY.jpg,Deepak Vedwal,https://unsplash.com/@vedwal_official,indian wedding,m8ihqFCTLgY
indian_influenced,indian_influenced_k59-OTHYqPI.jpg,Vaibhav Nagare,https://unsplash.com/@vaibhavnagare,indian wedding,k59-OTHYqPI
indian_influenced,indian_influenced_Giw-kk8AtK0.jpg,Naeem Ad,https://unsplash.com/@mnaeemad,indian wedding,Giw-kk8AtK0
indian_influenced,indian_influenced_qJhHNRAyuFA.jpg,Rejaul Karim,https://unsplash.com/@rejaul_creativedesign,indian wedding,qJhHNRAyuFA
indian_influenced,indian_influenced_o-YiKJOSKVE.jpg,Royal Photography,https://unsplash.com/@royalfoto,indian wedding,o-YiKJOSKVE
indian_influenced,indian_influenced_zsfQh6Xg4zo.jpg,Sabesh Photography LTD,https://unsplash.com/@sabesh,indian wedding,zsfQh6Xg4zo
indian_influenced,indian_influenced_6fxJIVqhCtw.jpg,Naeem Ad,https://unsplash.com/@mnaeemad,indian wedding,6fxJIVqhCtw
indian_influenced,indian_influenced_FM_ZCnBuZdA.jpg,manish_ jadhav_photography05,https://unsplash.com/@mjphotography05,indian wedding,FM_ZCnBuZdA
indian_influenced,indian_influenced_SEG57vrfm_4.jpg,Rejaul Karim,https://unsplash.com/@rejaul_creativedesign,indian wedding,SEG57vrfm_4
indian_influenced,indian_influenced_n2E7SAb1wrQ.jpg,Royal Photography,https://unsplash.com/@royalfoto,indian wedding,n2E7SAb1wrQ
indian_influenced,indian_influenced_UHQMqSioSOM.jpg,Vikas Gairola,https://unsplash.com/@vikasgairola,indian wedding,UHQMqSioSOM
indian_influenced,indian_influenced_SNyJ40eZ9cA.jpg,ARTO SURAJ,https://unsplash.com/@artosuraj,indian wedding,SNyJ40eZ9cA
indian_influenced,indian_influenced_LTdqhysahrE.jpg,Royal Photography,https://unsplash.com/@royalfoto,indian wedding,LTdqhysahrE
indian_influenced,indian_influenced_kQxp2SE-P68.jpg,Sushanta Rokka,https://unsplash.com/@sanoyatra,indian wedding,kQxp2SE-P68
indian_influenced,indian_influenced_GOALmjrhcFo.jpg,Sushanta Rokka,https://unsplash.com/@sanoyatra,indian wedding,GOALmjrhcFo
indian_influenced,indian_influenced_cwwFlwvYxfk.jpg,Clay Banks,https://unsplash.com/@claybanks,indian wedding,cwwFlwvYxfk
indian_influenced,indian_influenced_ZWvPVmrYZt4.jpg,Daniel Lloyd Blunk-Fernández,https://unsplash.com/@blunkorama,indian wedding,ZWvPVmrYZt4
indian_influenced,indian_influenced_HnDSE-7tH20.jpg,AJOY DAS,https://unsplash.com/@champsara,indian wedding,HnDSE-7tH20
indian_influenced,indian_influenced_3KDfgC69xBE.jpg,Sabesh Photography LTD,https://unsplash.com/@sabesh,indian wedding,3KDfgC69xBE
indian_influenced,indian_influenced_1AQY92PjFcM.jpg,Kanteen catering,https://unsplash.com/@kanteen,indian wedding,1AQY92PjFcM
indian_influenced,indian_influenced_yFGSeqXpsKs.jpg,AJOY DAS,https://unsplash.com/@champsara,indian wedding,yFGSeqXpsKs
tamil_hindu_traditional,tamil_hindu_traditional_oJof1JomJ3g.jpg,Sabesh Photography LTD,https://unsplash.com/@sabesh,tamil hindu wedding,oJof1JomJ3g
tamil_hindu_traditional,tamil_hindu_traditional_m0J-phz_lSo.jpg,Sabesh Photography LTD,https://unsplash.com/@sabesh,tamil hindu wedding,m0J-phz_lSo
tamil_hindu_traditional,tamil_hindu_traditional_9gUvnFDE86o.jpg,Ashwini Chaudhary(Monty),https://unsplash.com/@suicide_chewbacca,tamil hindu wedding,9gUvnFDE86o
tamil_hindu_traditional,tamil_hindu_traditional_XrbofN77emw.jpg,Sabesh Photography LTD,https://unsplash.com/@sabesh,tamil hindu wedding,XrbofN77emw
tamil_hindu_traditional,tamil_hindu_traditional_vWZHKf8yL7w.jpg,Sabesh Photography LTD,https://unsplash.com/@sabesh,tamil hindu wedding,vWZHKf8yL7w
tamil_hindu_traditional,tamil_hindu_traditional_mElfxbz4O7w.jpg,Maheshkumar S,https://unsplash.com/@invenphotography,tamil hindu wedding,mElfxbz4O7w
tamil_hindu_traditional,tamil_hindu_traditional_B1PKOaH4PNo.jpg,Sabesh Photography LTD,https://unsplash.com/@sabesh,tamil hindu wedding,B1PKOaH4PNo
tamil_hindu_traditional,tamil_hindu_traditional_-jueArtQR3U.jpg,Kogulanath Ayappan,https://unsplash.com/@kogulan,tamil hindu wedding,-jueArtQR3U
tamil_hindu_traditional,tamil_hindu_traditional_rVkgkLePI6g.jpg,What A Story,https://unsplash.com/@whataweddingstory,tamil hindu wedding,rVkgkLePI6g
tamil_hindu_traditional,tamil_hindu_traditional_mrj1o9fvqCU.jpg,inesh thamotharampillai,https://unsplash.com/@ineshartistry,tamil hindu wedding,mrj1o9fvqCU
tamil_hindu_traditional,tamil_hindu_traditional_DBt8tRGHHDg.jpg,Kogulanath Ayappan,https://unsplash.com/@kogulan_photography,tamil hindu wedding,DBt8tRGHHDg
tamil_hindu_traditional,tamil_hindu_traditional_3Dj4SNHu28c.jpg,Abishanth Ahilan,https://unsplash.com/@flywrk,tamil hindu wedding,3Dj4SNHu28c
tamil_hindu_traditional,tamil_hindu_traditional_ZiIZweoogjo.jpg,Planet Volumes,https://unsplash.com/@planetvolumes,tamil hindu wedding,ZiIZweoogjo
tamil_hindu_traditional,tamil_hindu_traditional_XlzELHNGNF4.jpg,Kogulanath Ayappan,https://unsplash.com/@kogulan,tamil hindu wedding,XlzELHNGNF4
tamil_hindu_traditional,tamil_hindu_traditional_6p1qhrEBJyo.jpg,anik das,https://unsplash.com/@anik01993,tamil hindu wedding,6p1qhrEBJyo
tamil_hindu_traditional,tamil_hindu_traditional_Yn3pgTCnu7Y.jpg,Sabesh Photography LTD,https://unsplash.com/@sabesh,tamil hindu wedding,Yn3pgTCnu7Y
tamil_hindu_traditional,tamil_hindu_traditional_f5In_WWNYBI.jpg,Sabesh Photography LTD,https://unsplash.com/@sabesh,tamil hindu wedding,f5In_WWNYBI
tamil_hindu_traditional,tamil_hindu_traditional_zHpG7UFwE7U.jpg,Abishanth Ahilan,https://unsplash.com/@flywrk,tamil hindu wedding,zHpG7UFwE7U
tamil_hindu_traditional,tamil_hindu_traditional_Bmf47O-DHdc.jpg,Ashwini Chaudhary(Monty),https://unsplash.com/@suicide_chewbacca,tamil hindu wedding,Bmf47O-DHdc
tamil_hindu_traditional,tamil_hindu_traditional_MVMuGOUzHP8.jpg,Arun Prakash,https://unsplash.com/@its_arunprakash,tamil hindu wedding,MVMuGOUzHP8
tamil_hindu_traditional,tamil_hindu_traditional_jVI1AskJVRo.jpg,Jignasa,https://unsplash.com/@jignasa111,tamil hindu wedding,jVI1AskJVRo
tamil_hindu_traditional,tamil_hindu_traditional__mx6djwNxkQ.jpg,Jignasa,https://unsplash.com/@jignasa111,tamil hindu wedding,_mx6djwNxkQ
tamil_hindu_traditional,tamil_hindu_traditional_Si3qnMhXtoA.jpg,Arun Prakash,https://unsplash.com/@its_arunprakash,tamil hindu wedding,Si3qnMhXtoA
tamil_hindu_traditional,tamil_hindu_traditional_90pMfeAdWa4.jpg,Sathis Khanna,https://unsplash.com/@sathis_khanna,tamil hindu wedding,90pMfeAdWa4
tamil_hindu_traditional,tamil_hindu_traditional_LQE8aU57x88.jpg,Filipp Romanovski,https://unsplash.com/@filipp_roman_photography,tamil hindu wedding,LQE8aU57x88
tamil_hindu_traditional,tamil_hindu_traditional_jnLDLc-C4AY.jpg,Abishanth Ahilan,https://unsplash.com/@flywrk,tamil hindu wedding,jnLDLc-C4AY
tamil_hindu_traditional,tamil_hindu_traditional_4yJ2U_OaZlk.jpg,Arun Prakash,https://unsplash.com/@its_arunprakash,tamil hindu wedding,4yJ2U_OaZlk
tamil_hindu_traditional,tamil_hindu_traditional_SK-Kwu6-Y0g.jpg,Ashwini Chaudhary(Monty),https://unsplash.com/@suicide_chewbacca,tamil hindu wedding,SK-Kwu6-Y0g
tamil_hindu_traditional,tamil_hindu_traditional_cD6aXhVO_Y0.jpg,gaf clickz,https://unsplash.com/@gafclickz,tamil hindu wedding,cD6aXhVO_Y0
tamil_hindu_traditional,tamil_hindu_traditional_HyJf1_S0gMo.jpg,Aurko Dev,https://unsplash.com/@aurkodev,tamil hindu wedding,HyJf1_S0gMo
tamil_hindu_traditional,tamil_hindu_traditional_yNeG6Fe2ceA.jpg,Darshan Gavali,https://unsplash.com/@darshan_gavali,tamil hindu wedding,yNeG6Fe2ceA
tamil_hindu_traditional,tamil_hindu_traditional_E9XIZNovZ10.jpg,Sabesh Photography LTD,https://unsplash.com/@sabesh,tamil hindu wedding,E9XIZNovZ10
tamil_hindu_traditional,tamil_hindu_traditional_cqImHU5mLKg.jpg,Arun Prakash,https://unsplash.com/@its_arunprakash,tamil hindu wedding,cqImHU5mLKg
tamil_hindu_traditional,tamil_hindu_traditional_UsFr2rUE1Ck.jpg,Jignasa,https://unsplash.com/@jignasa111,tamil hindu wedding,UsFr2rUE1Ck
tamil_hindu_traditional,tamil_hindu_traditional_AFYDP-WWPTQ.jpg,Babi Putu,https://unsplash.com/@babiputu,tamil hindu wedding,AFYDP-WWPTQ
tamil_hindu_traditional,tamil_hindu_traditional_u_vLH4TjYCg.jpg,Arun Prakash,https://unsplash.com/@its_arunprakash,tamil hindu wedding,u_vLH4TjYCg
tamil_hindu_traditional,tamil_hindu_traditional_CKMm3n_j_S0.jpg,Ashwini Chaudhary(Monty),https://unsplash.com/@suicide_chewbacca,tamil hindu wedding,CKMm3n_j_S0
tamil_hindu_traditional,tamil_hindu_traditional_zU-FVCc1plo.jpg,Nidal Adnan Kibria,https://unsplash.com/@nidal_adnan,tamil hindu wedding,zU-FVCc1plo
tamil_hindu_traditional,tamil_hindu_traditional_SiMzEeMrX2E.jpg,Shijil Puthuma,https://unsplash.com/@shijil____40digi,tamil hindu wedding,SiMzEeMrX2E
tamil_hindu_traditional,tamil_hindu_traditional_skrhBScbVh8.jpg,Arun Prakash,https://unsplash.com/@its_arunprakash,tamil hindu wedding,skrhBScbVh8
tamil_hindu_traditional,tamil_hindu_traditional_iNye0Rh86-c.jpg,Vijay Raju,https://unsplash.com/@thenameisvijay,tamil hindu wedding,iNye0Rh86-c
tamil_hindu_traditional,tamil_hindu_traditional_Xj__h0dHKWs.jpg,Jaggu Dada,https://unsplash.com/@jagadeesh_pro,tamil hindu wedding,Xj__h0dHKWs
tamil_hindu_traditional,tamil_hindu_traditional_L69r_A090hw.jpg,Sabesh Photography LTD,https://unsplash.com/@sabesh,tamil hindu wedding,L69r_A090hw
tamil_hindu_traditional,tamil_hindu_traditional_E_pbddbGj_c.jpg,Babi Putu,https://unsplash.com/@babiputu,tamil hindu wedding,E_pbddbGj_c
tamil_hindu_traditional,tamil_hindu_traditional_5nBMWVOBjFI.jpg,Rajesh Mishra,https://unsplash.com/@mishrajesh2020,tamil hindu wedding,5nBMWVOBjFI
tamil_hindu_traditional,tamil_hindu_traditional_olYg1F1F6LU.jpg,Filipp Romanovski,https://unsplash.com/@filipp_roman_photography,tamil hindu wedding,olYg1F1F6LU
tamil_hindu_traditional,tamil_hindu_traditional_sdoH-CbR7Dw.jpg,Hiren Sojitra,https://unsplash.com/@sojitra,tamil hindu wedding,sdoH-CbR7Dw
tamil_hindu_traditional,tamil_hindu_traditional_Vy1jT04uRIg.jpg,Sushanta Rokka,https://unsplash.com/@sanoyatra,tamil hindu wedding,Vy1jT04uRIg
tamil_hindu_traditional,tamil_hindu_traditional_OzSVlTwxMBQ.jpg,yadunandlal,https://unsplash.com/@yadunandlal,tamil hindu wedding,OzSVlTwxMBQ
tamil_hindu_traditional,tamil_hindu_traditional_rEOjglwCTJk.jpg,Debabrata Hazra,https://unsplash.com/@orkut,tamil hindu wedding,rEOjglwCTJk
tamil_hindu_traditional,tamil_hindu_traditional_tu2W8cMQNxk.jpg,PRATEEK JAISWAL,https://unsplash.com/@prateekjaiswal,tamil hindu wedding,tu2W8cMQNxk
tamil_hindu_traditional,tamil_hindu_traditional_nl95jOk2IIs.jpg,Jignasa,https://unsplash.com/@jignasa111,tamil hindu wedding,nl95jOk2IIs
tamil_hindu_traditional,tamil_hindu_traditional_XBwG73wfKqs.jpg,Arun Prakash,https://unsplash.com/@its_arunprakash,tamil hindu wedding,XBwG73wfKqs
tamil_hindu_traditional,tamil_hindu_traditional_yEg_THl6lQA.jpg,Sushanta Rokka,https://unsplash.com/@sanoyatra,tamil hindu wedding,yEg_THl6lQA
tamil_hindu_traditional,tamil_hindu_traditional_2o8Z-T5_ejY.jpg,Babi Putu,https://unsplash.com/@babiputu,tamil hindu wedding,2o8Z-T5_ejY
tamil_hindu_traditional,tamil_hindu_traditional__9mmaGBjNwM.jpg,PRATEEK JAISWAL,https://unsplash.com/@prateekjaiswal,tamil hindu wedding,_9mmaGBjNwM
tamil_hindu_traditional,tamil_hindu_traditional_-KHLJt6awH4.jpg,Krishna Yadav,https://unsplash.com/@ydvmikesh,tamil hindu wedding,-KHLJt6awH4
tamil_hindu_traditional,tamil_hindu_traditional_7gRr9QS4A5o.jpg,Sabesh Photography LTD,https://unsplash.com/@sabesh,tamil hindu wedding,7gRr9QS4A5o
tamil_hindu_traditional,tamil_hindu_traditional_7_tAiMx4vCg.jpg,Arun Prakash,https://unsplash.com/@its_arunprakash,tamil hindu wedding,7_tAiMx4vCg
tamil_hindu_traditional,tamil_hindu_traditional_BMIwe7PsVRo.jpg,Arun Prakash,https://unsplash.com/@its_arunprakash,tamil hindu wedding,BMIwe7PsVRo
tamil_hindu_traditional,tamil_hindu_traditional_vaqcckNM_ZM.jpg,Krishna Yadav,https://unsplash.com/@ydvmikesh,tamil hindu wedding,vaqcckNM_ZM
tamil_hindu_traditional,tamil_hindu_traditional_K6E0VnZhvtA.jpg,Vigneshwar Rajkumar,https://unsplash.com/@vigneshwar,tamil hindu wedding,K6E0VnZhvtA
tamil_hindu_traditional,tamil_hindu_traditional_sRaS064peQ0.jpg,Pranav Kumar Jain,https://unsplash.com/@peejayvisual,tamil hindu wedding,sRaS064peQ0
tamil_hindu_traditional,tamil_hindu_traditional_xAJKRL7-5So.jpg,AJITH S,https://unsplash.com/@ajiths10,tamil hindu wedding,xAJKRL7-5So
tamil_hindu_traditional,tamil_hindu_traditional_uA-Rv9zo75U.jpg,Sushanta Rokka,https://unsplash.com/@sanoyatra,tamil hindu wedding,uA-Rv9zo75U
tamil_hindu_traditional,tamil_hindu_traditional_pRlBY2D3Syo.jpg,Charles R,https://unsplash.com/@charlesr,tamil hindu wedding,pRlBY2D3Syo
tamil_hindu_traditional,tamil_hindu_traditional_VBC2TCJlnOI.jpg,Babi Putu,https://unsplash.com/@babiputu,tamil hindu wedding,VBC2TCJlnOI
tamil_hindu_traditional,tamil_hindu_traditional_geUNvcREPYw.jpg,bijo biju,https://unsplash.com/@bijobiju5,tamil hindu wedding,geUNvcREPYw
tamil_hindu_traditional,tamil_hindu_traditional_pVWriZhXoJ8.jpg,Tejas Gawde,https://unsplash.com/@tejas_gawde,tamil hindu wedding,pVWriZhXoJ8
tamil_hindu_traditional,tamil_hindu_traditional_pvTtJgq4fks.jpg,Sushanta Rokka,https://unsplash.com/@sanoyatra,tamil hindu wedding,pvTtJgq4fks
tamil_hindu_traditional,tamil_hindu_traditional_j-85U-JOmQY.jpg,Ashwini Chaudhary(Monty),https://unsplash.com/@suicide_chewbacca,tamil hindu wedding,j-85U-JOmQY
tamil_hindu_traditional,tamil_hindu_traditional_I3W7DvkuWJo.jpg,Sushanta Rokka,https://unsplash.com/@sanoyatra,tamil hindu wedding,I3W7DvkuWJo
tamil_hindu_traditional,tamil_hindu_traditional_qZg9aQRtk-U.jpg,Sushanta Rokka,https://unsplash.com/@sanoyatra,tamil hindu wedding,qZg9aQRtk-U
tamil_hindu_traditional,tamil_hindu_traditional_ngtlYUHWhJg.jpg,atelierbyvineeth ...,https://unsplash.com/@atelierbyvineeth,tamil hindu wedding,ngtlYUHWhJg
tamil_hindu_traditional,tamil_hindu_traditional_aQB-lxv0y-Y.jpg,Sabesh Photography LTD,https://unsplash.com/@sabesh,tamil hindu wedding,aQB-lxv0y-Y
tamil_hindu_traditional,tamil_hindu_traditional_pXaJstjhtoI.jpg,Abishanth Ahilan,https://unsplash.com/@flywrk,tamil hindu wedding,pXaJstjhtoI
tamil_hindu_traditional,tamil_hindu_traditional_45QV9_EmA7k.jpg,Planet Volumes,https://unsplash.com/@planetvolumes,tamil hindu wedding,45QV9_EmA7k
tamil_hindu_traditional,tamil_hindu_traditional_zWNfolqdB7Q.jpg,Sushanta Rokka,https://unsplash.com/@sanoyatra,tamil hindu wedding,zWNfolqdB7Q
tamil_hindu_traditional,tamil_hindu_traditional_6W2yVhZjyAg.jpg,Babi Putu,https://unsplash.com/@babiputu,tamil hindu wedding,6W2yVhZjyAg
tamil_hindu_traditional,tamil_hindu_traditional_312P-jvT0Ok.jpg,Arun Prakash,https://unsplash.com/@its_arunprakash,tamil hindu wedding,312P-jvT0Ok
tamil_hindu_traditional,tamil_hindu_traditional_j7OUsnrIKfE.jpg,Babi Putu,https://unsplash.com/@babiputu,tamil hindu wedding,j7OUsnrIKfE
tamil_hindu_traditional,tamil_hindu_traditional_smCPIB5J1JI.jpg,Ajin K S,https://unsplash.com/@ajinks,tamil hindu wedding,smCPIB5J1JI
tamil_hindu_traditional,tamil_hindu_traditional_XuV5pkDM46o.jpg,Arun Prakash,https://unsplash.com/@its_arunprakash,tamil hindu wedding,XuV5pkDM46o
tamil_hindu_traditional,tamil_hindu_traditional_9Ex36GyJZeE.jpg,Subhra Jyoti Paul,https://unsplash.com/@sjpaul,tamil hindu wedding,9Ex36GyJZeE
tamil_hindu_traditional,tamil_hindu_traditional_d0DaEwftQOo.jpg,Sushanta Rokka,https://unsplash.com/@sanoyatra,tamil hindu wedding,d0DaEwftQOo
tamil_hindu_traditional,tamil_hindu_traditional_fHLugodHs78.jpg,Krishna Yadav,https://unsplash.com/@ydvmikesh,tamil hindu wedding,fHLugodHs78
tamil_hindu_traditional,tamil_hindu_traditional_2emJDzd0K90.jpg,Ken S,https://unsplash.com/@chum94555,tamil hindu wedding,2emJDzd0K90
tamil_hindu_traditional,tamil_hindu_traditional_DGbYxcBebk8.jpg,Sushanta Rokka,https://unsplash.com/@sanoyatra,tamil hindu wedding,DGbYxcBebk8
tamil_hindu_traditional,tamil_hindu_traditional_EA9T18oYrH8.jpg,Arun Prakash,https://unsplash.com/@its_arunprakash,tamil hindu wedding,EA9T18oYrH8
tamil_hindu_traditional,tamil_hindu_traditional__w0YinlHlYE.jpg,Kaspars Eglitis,https://unsplash.com/@kasparseglitis,tamil hindu wedding,_w0YinlHlYE
tamil_hindu_traditional,tamil_hindu_traditional_a8wcqX7oc8g.jpg,Ashwini Chaudhary(Monty),https://unsplash.com/@suicide_chewbacca,tamil hindu wedding,a8wcqX7oc8g
tamil_hindu_traditional,tamil_hindu_traditional_PfrOPlsxuY4.jpg,Arun Prakash,https://unsplash.com/@its_arunprakash,tamil hindu wedding,PfrOPlsxuY4
tamil_hindu_traditional,tamil_hindu_traditional_eECBazG5nAQ.jpg,Arun Prakash,https://unsplash.com/@its_arunprakash,tamil hindu wedding,eECBazG5nAQ
tamil_hindu_traditional,tamil_hindu_traditional_RTLWJ3wZe54.jpg,priyanka mohit,https://unsplash.com/@priyanka1234,tamil hindu wedding,RTLWJ3wZe54
tamil_hindu_traditional,tamil_hindu_traditional_0_36mX6t37s.jpg,Arun Prakash,https://unsplash.com/@its_arunprakash,tamil hindu wedding,0_36mX6t37s
tamil_hindu_traditional,tamil_hindu_traditional_RRBcQWDTWVE.jpg,ARTO SURAJ,https://unsplash.com/@artosuraj,tamil hindu wedding,RRBcQWDTWVE
tamil_hindu_traditional,tamil_hindu_traditional_KMteUCFjMos.jpg,Monojit Dutta,https://unsplash.com/@kolkatarchobiwala,tamil hindu wedding,KMteUCFjMos
tamil_hindu_traditional,tamil_hindu_traditional_ps-kD7Apr6A.jpg,Vijay Raju,https://unsplash.com/@thenameisvijay,tamil hindu wedding,ps-kD7Apr6A
tamil_hindu_traditional,tamil_hindu_traditional_uhM6J7rvcCs.jpg,Abishanth Ahilan,https://unsplash.com/@flywrk,tamil hindu wedding,uhM6J7rvcCs
tamil_hindu_traditional,tamil_hindu_traditional_k3qRcYnwwVo.jpg,Sandeep Ganguly,https://unsplash.com/@mephistopholes,tamil hindu wedding,k3qRcYnwwVo
tamil_hindu_traditional,tamil_hindu_traditional_2Y44g1bSTb8.jpg,Anantha Krishnan,https://unsplash.com/@itsananthakrishnan,tamil hindu wedding,2Y44g1bSTb8
tamil_hindu_traditional,tamil_hindu_traditional_-9vgxBH7FZ4.jpg,Ayyappa Giri,https://unsplash.com/@ayyappa,tamil hindu wedding,-9vgxBH7FZ4
tamil_hindu_traditional,tamil_hindu_traditional_GL66kXBpU1I.jpg,Arun Prakash,https://unsplash.com/@its_arunprakash,tamil hindu wedding,GL66kXBpU1I
tamil_hindu_traditional,tamil_hindu_traditional_-xX6sBGh3EQ.jpg,Jignasa,https://unsplash.com/@jignasa111,tamil hindu wedding,-xX6sBGh3EQ
tamil_hindu_traditional,tamil_hindu_traditional_VHaRmv3rnTw.jpg,Babi Putu,https://unsplash.com/@babiputu,tamil hindu wedding,VHaRmv3rnTw
tamil_hindu_traditional,tamil_hindu_traditional_9b4r17s8ppI.jpg,Ayush Design,https://unsplash.com/@ayushdesign,tamil hindu wedding,9b4r17s8ppI
tamil_hindu_traditional,tamil_hindu_traditional_1cllZOQYsz0.jpg,Shivam Gosain,https://unsplash.com/@deansam08,tamil hindu wedding,1cllZOQYsz0
tamil_hindu_traditional,tamil_hindu_traditional_y2EuTvamRVc.jpg,anik das,https://unsplash.com/@anik01993,tamil hindu wedding,y2EuTvamRVc
tamil_hindu_traditional,tamil_hindu_traditional_ml0q8D3Ddmk.jpg,PRATEEK JAISWAL,https://unsplash.com/@prateekjaiswal,tamil hindu wedding,ml0q8D3Ddmk
tamil_hindu_traditional,tamil_hindu_traditional_Cm0c4Pxa_3c.jpg,Krishna Yadav,https://unsplash.com/@ydvmikesh,tamil hindu wedding,Cm0c4Pxa_3c
tamil_hindu_traditional,tamil_hindu_traditional_j8GsP01bUl8.jpg,PRATEEK JAISWAL,https://unsplash.com/@prateekjaiswal,tamil hindu wedding,j8GsP01bUl8
tamil_hindu_traditional,tamil_hindu_traditional_At6vUkMqgSU.jpg,rocky braat,https://unsplash.com/@rockybraat,tamil hindu wedding,At6vUkMqgSU
tamil_hindu_traditional,tamil_hindu_traditional_O7Buh-2CFRs.jpg,Ap films Here,https://unsplash.com/@apfilms____,tamil hindu wedding,O7Buh-2CFRs
tamil_hindu_traditional,tamil_hindu_traditional_Upfr2i8SRzk.jpg,PRATEEK JAISWAL,https://unsplash.com/@prateekjaiswal,tamil hindu wedding,Upfr2i8SRzk
tamil_hindu_traditional,tamil_hindu_traditional_ASR0YBb9fdY.jpg,Sabesh Photography LTD,https://unsplash.com/@sabesh,tamil hindu wedding,ASR0YBb9fdY
tamil_hindu_traditional,tamil_hindu_traditional_RIOegGLaUbE.jpg,Sabesh Photography LTD,https://unsplash.com/@sabesh,tamil hindu wedding,RIOegGLaUbE
tamil_hindu_traditional,tamil_hindu_traditional_iq_PL_ud5EM.jpg,SUSHMITA NAG,https://unsplash.com/@susnag,tamil hindu wedding,iq_PL_ud5EM
tamil_hindu_traditional,tamil_hindu_traditional_YKmiIrc2t7M.jpg,Tejas Gawde,https://unsplash.com/@tejas_gawde,tamil hindu wedding,YKmiIrc2t7M
tamil_hindu_traditional,tamil_hindu_traditional_58MuND460sY.jpg,PRATEEK JAISWAL,https://unsplash.com/@prateekjaiswal,tamil hindu wedding,58MuND460sY
tamil_hindu_traditional,tamil_hindu_traditional_SlQ0EMfDML8.jpg,PRATEEK JAISWAL,https://unsplash.com/@prateekjaiswal,tamil hindu wedding,SlQ0EMfDML8
tamil_hindu_traditional,tamil_hindu_traditional_Gzb1PPnB2bo.jpg,manish_ jadhav_photography05,https://unsplash.com/@mjphotography05,tamil hindu wedding,Gzb1PPnB2bo
tamil_hindu_traditional,tamil_hindu_traditional_Cc6-HIke29g.jpg,Shanmukhi Santoshi,https://unsplash.com/@shanmukhi_santoshi,tamil hindu wedding,Cc6-HIke29g
tamil_hindu_traditional,tamil_hindu_traditional_kvNbOWrcE7k.jpg,Sanket Mishra,https://unsplash.com/@sanketgraphy,tamil hindu wedding,kvNbOWrcE7k
tamil_hindu_traditional,tamil_hindu_traditional_-bJsVv-schs.jpg,Krishna Yadav,https://unsplash.com/@ydvmikesh,tamil hindu wedding,-bJsVv-schs
tamil_hindu_traditional,tamil_hindu_traditional_k4iUdFM7rdo.jpg,Sabesh Photography LTD,https://unsplash.com/@sabesh,tamil hindu wedding,k4iUdFM7rdo
tamil_hindu_traditional,tamil_hindu_traditional_PiuvhBTvrp0.jpg,KANIKA PANT,https://unsplash.com/@kank_kanika30,tamil hindu wedding,PiuvhBTvrp0
tamil_hindu_traditional,tamil_hindu_traditional_QSh53lzfh0Y.jpg,Surya Teja,https://unsplash.com/@suryadoingstuff,tamil hindu wedding,QSh53lzfh0Y
tamil_hindu_traditional,tamil_hindu_traditional_xRqUg9v1NCQ.jpg,Sonika Agarwal,https://unsplash.com/@sonika_agarwal,tamil hindu wedding,xRqUg9v1NCQ
tamil_hindu_traditional,tamil_hindu_traditional_IeESa1WBDAo.jpg,Arun Prakash,https://unsplash.com/@its_arunprakash,tamil hindu wedding,IeESa1WBDAo
tamil_hindu_traditional,tamil_hindu_traditional_q-RQDtTcAk8.jpg,Arun Prakash,https://unsplash.com/@its_arunprakash,tamil hindu wedding,q-RQDtTcAk8
tamil_hindu_traditional,tamil_hindu_traditional_TcaXNeJciaE.jpg,Sabesh Photography LTD,https://unsplash.com/@sabesh,tamil hindu wedding,TcaXNeJciaE
tamil_hindu_traditional,tamil_hindu_traditional_dkCIGG8uzrU.jpg,Asif Khan,https://unsplash.com/@hakim8962,tamil hindu wedding,dkCIGG8uzrU
tamil_hindu_traditional,tamil_hindu_traditional_q4yU_bgjYZQ.jpg,Ken S,https://unsplash.com/@chum94555,tamil hindu wedding,q4yU_bgjYZQ
tamil_hindu_traditional,tamil_hindu_traditional_LvelDKbCeZg.jpg,The Ordinary Moments,https://unsplash.com/@cr029,tamil hindu wedding,LvelDKbCeZg
tamil_hindu_traditional,tamil_hindu_traditional_v4PlV_0NrIM.jpg,Sushanta Rokka,https://unsplash.com/@sanoyatra,tamil hindu wedding,v4PlV_0NrIM
tamil_hindu_traditional,tamil_hindu_traditional_L6ZG57ChYyU.jpg,gurpreet singh,https://unsplash.com/@photofreak0,tamil hindu wedding,L6ZG57ChYyU
tamil_hindu_traditional,tamil_hindu_traditional_K_Trq5N-NVY.jpg,ARTO SURAJ,https://unsplash.com/@artosuraj,tamil hindu wedding,K_Trq5N-NVY
tamil_hindu_traditional,tamil_hindu_traditional_e5QYttGPI8A.jpg,I Do Nothing But Love,https://unsplash.com/@idonothingbutlove,tamil hindu wedding,e5QYttGPI8A
tamil_hindu_traditional,tamil_hindu_traditional_tN-D7gP_TmM.jpg,SUSHMITA NAG,https://unsplash.com/@susnag,tamil hindu wedding,tN-D7gP_TmM
tamil_hindu_traditional,tamil_hindu_traditional_wfOfPA_ORkg.jpg,Sourav Debnath,https://unsplash.com/@souravdnath1,tamil hindu wedding,wfOfPA_ORkg
tamil_hindu_traditional,tamil_hindu_traditional_4wev6H3JxGc.jpg,Ajin K S,https://unsplash.com/@ajinks,tamil hindu wedding,4wev6H3JxGc
tamil_hindu_traditional,tamil_hindu_traditional_W0lNw8WEouM.jpg,Mehedi Hasan,https://unsplash.com/@mehedi012,tamil hindu wedding,W0lNw8WEouM
tamil_hindu_traditional,tamil_hindu_traditional_Mh0a7u0ASoI.jpg,Prateek Saxena,https://unsplash.com/@prateek_sxn,tamil hindu wedding,Mh0a7u0ASoI
tamil_hindu_traditional,tamil_hindu_traditional_yPWbX4961RA.jpg,Kogulanath Ayappan,https://unsplash.com/@kogulan,tamil hindu wedding,yPWbX4961RA
tamil_hindu_traditional,tamil_hindu_traditional_X1AXwfndxxs.jpg,Sushanta Rokka,https://unsplash.com/@sanoyatra,tamil hindu wedding,X1AXwfndxxs
tamil_hindu_traditional,tamil_hindu_traditional_Tf7HyMAY15w.jpg,Adarsh Kumar Singh,https://unsplash.com/@shutters_flutter,tamil hindu wedding,Tf7HyMAY15w
tamil_hindu_traditional,tamil_hindu_traditional_4QX4Xn_c-Eg.jpg,Vinod brijwani,https://unsplash.com/@svn07422,tamil hindu wedding,4QX4Xn_c-Eg
tamil_hindu_traditional,tamil_hindu_traditional_NezObj_xo7Q.jpg,Rohit Dey,https://unsplash.com/@rohit16dey,tamil hindu wedding,NezObj_xo7Q
tamil_hindu_traditional,tamil_hindu_traditional_3unWYv7jcx8.jpg,Happy Surani,https://unsplash.com/@mehappypatel,tamil hindu wedding,3unWYv7jcx8
tamil_hindu_traditional,tamil_hindu_traditional_eOKbz_yi1Gc.jpg,Artem Beliaikin,https://unsplash.com/@belart84,tamil hindu wedding,eOKbz_yi1Gc
tamil_hindu_traditional,tamil_hindu_traditional_5B-jHu2_y1M.jpg,AJOY DAS,https://unsplash.com/@champsara,tamil hindu wedding,5B-jHu2_y1M
tamil_hindu_traditional,tamil_hindu_traditional_l3AiKtl4ngk.jpg,Arun Prakash,https://unsplash.com/@its_arunprakash,tamil hindu wedding,l3AiKtl4ngk
tamil_hindu_traditional,tamil_hindu_traditional_7VIV0NMVBvo.jpg,Eric Brehm,https://unsplash.com/@creepyhands,tamil hindu wedding,7VIV0NMVBvo
tamil_hindu_traditional,tamil_hindu_traditional_ASMdOBtMlYA.jpg,kabita Darlami,https://unsplash.com/@itskabita,tamil hindu wedding,ASMdOBtMlYA
tamil_hindu_traditional,tamil_hindu_traditional_tzcKVirYEY0.jpg,Vikas Marpalli,https://unsplash.com/@vickygraphy,tamil hindu wedding,tzcKVirYEY0
tamil_hindu_traditional,tamil_hindu_traditional_rcuzSghhSCM.jpg,avishek Udas,https://unsplash.com/@avishekk73,tamil hindu wedding,rcuzSghhSCM
tamil_hindu_traditional,tamil_hindu_traditional_4w-dxk2LKQo.jpg,Kelvin Zyteng,https://unsplash.com/@zyteng,tamil hindu wedding,4w-dxk2LKQo
tamil_hindu_traditional,tamil_hindu_traditional_dQiGqrkWvYc.jpg,ARTO SURAJ,https://unsplash.com/@artosuraj,tamil hindu wedding,dQiGqrkWvYc
tamil_hindu_traditional,tamil_hindu_traditional_CL9ryDbvrDI.jpg,Bhagyashri Sharma,https://unsplash.com/@thebhagyashri,tamil hindu wedding,CL9ryDbvrDI
tamil_hindu_traditional,tamil_hindu_traditional_WUDFK-irYf0.jpg,Rosario Fernandes,https://unsplash.com/@rioferns62,tamil hindu wedding,WUDFK-irYf0
tamil_hindu_traditional,tamil_hindu_traditional_XBLTmsqFemI.jpg,Dev Benjamin,https://unsplash.com/@dev_irl,tamil hindu wedding,XBLTmsqFemI
tamil_hindu_traditional,tamil_hindu_traditional_cQVN20yPncU.jpg,Thilina Alagiyawanna,https://unsplash.com/@thilinaalagiyawanna,tamil hindu wedding,cQVN20yPncU
tamil_hindu_traditional,tamil_hindu_traditional_xOvTfQQlvd4.jpg,prabakaran s,https://unsplash.com/@gypsy_praba,tamil hindu wedding,xOvTfQQlvd4
tamil_hindu_traditional,tamil_hindu_traditional_qpGODIB5kAQ.jpg,Sushanta Rokka,https://unsplash.com/@sanoyatra,tamil hindu wedding,qpGODIB5kAQ
tamil_hindu_traditional,tamil_hindu_traditional_ncQZ6wQ_5U4.jpg,Sushanta Rokka,https://unsplash.com/@sanoyatra,tamil hindu wedding,ncQZ6wQ_5U4
tamil_hindu_traditional,tamil_hindu_traditional_deckrtkpf38.jpg,Siddhesh Choudhari,https://unsplash.com/@sidd24,tamil hindu wedding,deckrtkpf38
tamil_hindu_traditional,tamil_hindu_traditional_ooEySoJJZ_4.jpg,viresh studio,https://unsplash.com/@vireshstudio,tamil hindu wedding,ooEySoJJZ_4
tamil_hindu_traditional,tamil_hindu_traditional_5jk6k92r5IY.jpg,atarin michaeli,https://unsplash.com/@atarinm,tamil hindu wedding,5jk6k92r5IY
tamil_hindu_traditional,tamil_hindu_traditional_YWNgffpZ89c.jpg,Sabesh Photography LTD,https://unsplash.com/@sabesh,tamil hindu wedding,YWNgffpZ89c
tamil_hindu_traditional,tamil_hindu_traditional_o3lLS-1e5VY.jpg,Ajin K S,https://unsplash.com/@ajinks,tamil hindu wedding,o3lLS-1e5VY
tamil_hindu_traditional,tamil_hindu_traditional_X61_Ypmb4ug.jpg,Ajin K S,https://unsplash.com/@ajinks,tamil hindu wedding,X61_Ypmb4ug
tamil_hindu_traditional,tamil_hindu_traditional_fxHCawvbtLo.jpg,Filipp Romanovski,https://unsplash.com/@filipp_roman_photography,tamil hindu wedding,fxHCawvbtLo
tamil_hindu_traditional,tamil_hindu_traditional_NEZtAAKi8wg.jpg,Munmi Boruah,https://unsplash.com/@munmitak,tamil hindu wedding,NEZtAAKi8wg
tamil_hindu_traditional,tamil_hindu_traditional_lt9zuzZd1K0.jpg,Ken S,https://unsplash.com/@chum94555,tamil hindu wedding,lt9zuzZd1K0
tamil_hindu_traditional,tamil_hindu_traditional_I96-ubLQCgs.jpg,sohail shaikh,https://unsplash.com/@sohailnj,tamil hindu wedding,I96-ubLQCgs
tamil_hindu_traditional,tamil_hindu_traditional_klZrjzRHDqI.jpg,AJOY DAS,https://unsplash.com/@champsara,tamil hindu wedding,klZrjzRHDqI
tamil_hindu_traditional,tamil_hindu_traditional_jXZFOAfugU8.jpg,manish_ jadhav_photography05,https://unsplash.com/@mjphotography05,tamil hindu wedding,jXZFOAfugU8
tamil_hindu_traditional,tamil_hindu_traditional_VphCbwVf-fE.jpg,Shivam Gosain,https://unsplash.com/@deansam08,tamil hindu wedding,VphCbwVf-fE
tamil_hindu_traditional,tamil_hindu_traditional_3wuAVXPN81s.jpg,ARTO SURAJ,https://unsplash.com/@artosuraj,tamil hindu wedding,3wuAVXPN81s
tamil_hindu_traditional,tamil_hindu_traditional_609LpTER5RU.jpg,manish_ jadhav_photography05,https://unsplash.com/@mjphotography05,tamil hindu wedding,609LpTER5RU
tamil_hindu_traditional,tamil_hindu_traditional_RlVU6EoyDh0.jpg,Sushanta Rokka,https://unsplash.com/@sanoyatra,tamil hindu wedding,RlVU6EoyDh0
tamil_hindu_traditional,tamil_hindu_traditional_oGMuntDJHCs.jpg,Kanishk Agarwal,https://unsplash.com/@kanishk_ag,tamil hindu wedding,oGMuntDJHCs
tamil_hindu_traditional,tamil_hindu_traditional_Q9VKYLIicYE.jpg,Gopi Gnanadeesigan,https://unsplash.com/@gopignanadeesigan,tamil hindu wedding,Q9VKYLIicYE
tamil_hindu_traditional,tamil_hindu_traditional_W_sPS5weX_0.jpg,Sabesh Photography LTD,https://unsplash.com/@sabesh,tamil hindu wedding,W_sPS5weX_0
tamil_hindu_traditional,tamil_hindu_traditional_VqmaN_n56hs.jpg,sanjeevnie syngal,https://unsplash.com/@sana_1402,tamil hindu wedding,VqmaN_n56hs
tamil_hindu_traditional,tamil_hindu_traditional_KycXYPYtkcY.jpg,Sushanta Rokka,https://unsplash.com/@sanoyatra,tamil hindu wedding,KycXYPYtkcY
tamil_hindu_traditional,tamil_hindu_traditional_bcdf-JByKDk.jpg,Munmi Boruah,https://unsplash.com/@munmitak,tamil hindu wedding,bcdf-JByKDk
tamil_hindu_traditional,tamil_hindu_traditional_gnW12fSlA9s.jpg,Sreemadhav,https://unsplash.com/@sreemadhav,tamil hindu wedding,gnW12fSlA9s
tamil_hindu_traditional,tamil_hindu_traditional_iZUXyt4GNVg.jpg,sagar shrestha,https://unsplash.com/@sagar_01,tamil hindu wedding,iZUXyt4GNVg
tamil_hindu_traditional,tamil_hindu_traditional_Uoq_hp1RAq8.jpg,Arun Prakash,https://unsplash.com/@its_arunprakash,tamil hindu wedding,Uoq_hp1RAq8
tamil_hindu_traditional,tamil_hindu_traditional_WGUTTnOWNvs.jpg,rajat sarki,https://unsplash.com/@rajat_sarki,tamil hindu wedding,WGUTTnOWNvs
tamil_hindu_traditional,tamil_hindu_traditional_NAHubLrNZk0.jpg,Mohammed Sultan Farooqui,https://unsplash.com/@sultanfarooqui,tamil hindu wedding,NAHubLrNZk0
tamil_hindu_traditional,tamil_hindu_traditional_SR0oIWYc8e8.jpg,Martin Haobam,https://unsplash.com/@haobam,tamil hindu wedding,SR0oIWYc8e8
tamil_hindu_traditional,tamil_hindu_traditional_ze7BPmsE-Bc.jpg,Kanishk Agarwal,https://unsplash.com/@kanishk_ag,tamil hindu wedding,ze7BPmsE-Bc
tamil_hindu_traditional,tamil_hindu_traditional_6bVGh1tRknI.jpg,Arun Prakash,https://unsplash.com/@its_arunprakash,tamil hindu wedding,6bVGh1tRknI
tamil_hindu_traditional,tamil_hindu_traditional_Gx8ao0s82dM.jpg,AL Kaium,https://unsplash.com/@al_kaium,tamil hindu wedding,Gx8ao0s82dM
tamil_hindu_traditional,tamil_hindu_traditional_PEn8iE5z9WY.jpg,Ayush Design,https://unsplash.com/@ayushdesign,tamil hindu wedding,PEn8iE5z9WY
tamil_hindu_traditional,tamil_hindu_traditional_YZklsSO41Rk.jpg,Sushanta Rokka,https://unsplash.com/@sanoyatra,tamil hindu wedding,YZklsSO41Rk
tamil_hindu_traditional,tamil_hindu_traditional_0io02wCRP64.jpg,Talmiz Ahmad,https://unsplash.com/@talmiz,tamil hindu wedding,0io02wCRP64
tamil_hindu_traditional,tamil_hindu_traditional_j5yIy5VMl-Y.jpg,Sushanta Rokka,https://unsplash.com/@sanoyatra,tamil hindu wedding,j5yIy5VMl-Y
